t,x,y,psi,delta,v,delta_dot
0.05, 0.5, 0, 0.00500104, 0.025, 10, 0.5
0.1, 0.999994, 0.00250051, 0.0147612, 0.0487619, 10, 0.475238
0.15, 1.49994, 0.00988082, 0.0286946, 0.0695549, 10, 0.41586
0.2, 1.99973, 0.0242262, 0.0461878, 0.087244, 10, 0.353782
0.25, 2.4992, 0.0473119, 0.066611, 0.101763, 10, 0.29038
0.3, 2.99809, 0.0805927, 0.0893299, 0.11311, 10, 0.226939
0.35, 3.4961, 0.125198, 0.113718, 0.121342, 10, 0.164645
0.4, 3.99287, 0.181935, 0.139168, 0.12657, 10, 0.104564
0.45, 4.48803, 0.251295, 0.165103, 0.128952, 10, 0.0476387
0.5, 4.98123, 0.333472, 0.190983, 0.128686, 10, -0.00532568
0.55, 5.47214, 0.428384, 0.216318, 0.126003, 10, -0.0536652
0.6, 5.96049, 0.535701, 0.240669, 0.12116, 10, -0.0968601
0.65, 6.44608, 0.654877, 0.263656, 0.114433, 10, -0.134534
0.7, 6.9288, 0.785183, 0.284958, 0.106111, 10, -0.166448
0.75, 7.40864, 0.925742, 0.304315, 0.0964858, 10, -0.192498
0.8, 7.88567, 1.07556, 0.321528, 0.0858509, 10, -0.212698
0.85, 8.36004, 1.23357, 0.336454, 0.0744921, 10, -0.227176
0.9, 8.83201, 1.39864, 0.349007, 0.0626842, 10, -0.236157
0.95, 9.30186, 1.56962, 0.359153, 0.0506868, 10, -0.239948
1, 9.76996, 1.74536, 0.366905, 0.0387404, 10, -0.238929
1.05, 10.2367, 1.92473, 0.372319, 0.0270637, 10, -0.233534
1.1, 10.7024, 2.10662, 0.37549, 0.0158515, 10, -0.224243
1.15, 11.1676, 2.28998, 0.376545, 0.00527337, 10, -0.211563
1.2, 11.6326, 2.47384, 0.375639, -0.00452776, 10, -0.196023
1.25, 12.0977, 2.65727, 0.372952, -0.0134355, 10, -0.178155
1.3, 12.5633, 2.83945, 0.368679, -0.0213602, 10, -0.158493
1.35, 13.0297, 3.01964, 0.36303, -0.0282379, 10, -0.137554
1.4, 13.4971, 3.1972, 0.356221, -0.0340298, 10, -0.115838
1.45, 13.9657, 3.37157, 0.348473, -0.0387205, 10, -0.0938146
1.5, 14.4357, 3.5423, 0.340005, -0.0423165, 10, -0.0719201
1.55, 14.9071, 3.70904, 0.33103, -0.0448441, 10, -0.0505516
1.6, 15.3799, 3.87155, 0.321754, -0.0463472, 10, -0.0300627
1.65, 15.8543, 4.02967, 0.31237, -0.0468853, 10, -0.0107605
1.7, 16.3301, 4.18333, 0.303057, -0.0465305, 10, 0.00709576
1.75, 16.8073, 4.33255, 0.293978, -0.0453657, 10, 0.0232962
1.8, 17.2858, 4.47743, 0.285276, -0.0434817, 10, 0.0376797
1.85, 17.7656, 4.61814, 0.277077, -0.0409751, 10, 0.0501327
1.9, 18.2466, 4.75491, 0.269484, -0.0379457, 10, 0.0605876
1.95, 18.7285, 4.88803, 0.262582, -0.0344947, 10, 0.06902
2, 19.2114, 5.01781, 0.256436, -0.0307224, 10, 0.0754452
2.05, 19.695, 5.14463, 0.251089, -0.0267267, 10, 0.0799149
2.1, 20.1793, 5.26886, 0.246568, -0.022601, 10, 0.0825128
2.15, 20.6642, 5.3909, 0.242881, -0.0184335, 10, 0.0833504
2.2, 21.1495, 5.51115, 0.24002, -0.0143054, 10, 0.0825623
2.25, 21.6352, 5.63001, 0.237962, -0.0102903, 10, 0.0803022
2.3, 22.1211, 5.74787, 0.236671, -0.0064534, 10, 0.0767376
2.35, 22.6072, 5.86511, 0.236101, -0.00285108, 10, 0.0720464
2.4, 23.0933, 5.98206, 0.236195, 0.000469523, 10, 0.066412
2.45, 23.5794, 6.09906, 0.236889, 0.00347051, 10, 0.0600198
2.5, 24.0655, 6.2164, 0.238113, 0.00612318, 10, 0.0530533
2.55, 24.5514, 6.33434, 0.239795, 0.00840774, 10, 0.0456913
2.6, 25.0371, 6.45309, 0.241858, 0.010313, 10, 0.0381046
2.65, 25.5225, 6.57284, 0.244225, 0.0118356, 10, 0.0304534
2.7, 26.0077, 6.69375, 0.246821, 0.0129799, 10, 0.0228859
2.75, 26.4925, 6.81591, 0.249573, 0.0137567, 10, 0.0155358
2.8, 26.977, 6.9394, 0.252409, 0.0141828, 10, 0.00852137
2.85, 27.4612, 7.06427, 0.255265, 0.01428, 10, 0.00194467
2.9, 27.945, 7.19052, 0.258081, 0.0140746, 10, -0.00410914
2.95, 28.4284, 7.31813, 0.2608, 0.013596, 10, -0.00957191
3, 28.9115, 7.44706, 0.263375, 0.0128764, 10, -0.0143923
3.05, 29.3943, 7.57723, 0.265765, 0.0119496, 10, -0.0185353
3.1, 29.8767, 7.70856, 0.267936, 0.0108505, 10, -0.0219816
3.15, 30.3589, 7.84093, 0.269858, 0.00961419, 10, -0.0247265
3.2, 30.8408, 7.97422, 0.271514, 0.00827527, 10, -0.0267785
3.25, 31.3225, 8.10832, 0.272887, 0.00686733, 10, -0.0281587
3.3, 31.804, 8.24308, 0.273972, 0.0054224, 10, -0.0288986
3.35, 32.2853, 8.37835, 0.274766, 0.00397044, 10, -0.0290392
3.4, 32.7666, 8.51401, 0.275273, 0.002539, 10, -0.0286289
3.45, 33.2477, 8.64992, 0.275504, 0.00115287, 10, -0.0277224
3.5, 33.7289, 8.78594, 0.275471, -0.000166073, 10, -0.026379
3.55, 34.21, 8.92194, 0.275191, -0.00139912, 10, -0.0246608
3.6, 34.6912, 9.0578, 0.274685, -0.00253072, 10, -0.0226321
3.65, 35.1725, 9.19342, 0.273975, -0.00354856, 10, -0.0203569
3.7, 35.6538, 9.3287, 0.273086, -0.0044435, 10, -0.0178988
3.75, 36.1353, 9.46356, 0.272044, -0.00520946, 10, -0.0153191
3.8, 36.6169, 9.59791, 0.270876, -0.00584328, 10, -0.0126764
3.85, 37.0987, 9.73169, 0.269607, -0.00634454, 10, -0.0100252
3.9, 37.5806, 9.86487, 0.268264, -0.00671532, 10, -0.00741559
3.95, 38.0627, 9.9974, 0.266872, -0.00695996, 10, -0.00489275
4, 38.545, 10.1293, 0.265455, -0.00708477, 10, -0.00249626
4.05, 39.0275, 10.2604, 0.264035, -0.00709777, 10, -0.000260014
4.1, 39.5102, 10.3909, 0.262634, -0.00700837, 10, 0.00178798
4.15, 39.993, 10.5207, 0.261268, -0.00682709, 10, 0.00362561
4.2, 40.4761, 10.6499, 0.259955, -0.00656526, 10, 0.00523657
4.25, 40.9593, 10.7784, 0.258708, -0.00623475, 10, 0.00661015
4.3, 41.4426, 10.9063, 0.257539, -0.0058477, 10, 0.007741
4.35, 41.9261, 11.0337, 0.256455, -0.00541627, 10, 0.00862873
4.4, 42.4098, 11.1605, 0.255465, -0.00495239, 10, 0.00927753
4.45, 42.8936, 11.2868, 0.254571, -0.00446761, 10, 0.00969566
4.5, 43.3774, 11.4128, 0.253777, -0.00397286, 10, 0.00989501
4.55, 43.8614, 11.5383, 0.253081, -0.00347833, 10, 0.00989049
4.6, 44.3455, 11.6635, 0.252482, -0.00299335, 10, 0.00969957
4.65, 44.8297, 11.7884, 0.251977, -0.00252627, 10, 0.00934169
4.7, 45.3139, 11.913, 0.25156, -0.00208438, 10, 0.00883774
4.75, 45.7981, 12.0375, 0.251225, -0.0016739, 10, 0.00820955
4.8, 46.2824, 12.1618, 0.250965, -0.00129993, 10, 0.00747942
4.85, 46.7668, 12.286, 0.250772, -0.000966453, 10, 0.00666962
4.9, 47.2511, 12.41, 0.250637, -0.000676351, 10, 0.00580203
4.95, 47.7355, 12.5341, 0.250551, -0.000431465, 10, 0.00489773
5, 48.2199, 12.658, 0.250504, -0.00023263, 10, 0.00397668
5.05, 48.7043, 12.782, 0.250488, -7.97565e-05, 10, 0.00305748
5.1, 49.1887, 12.9059, 0.250494, 2.80972e-05, 10, 0.00215707
5.15, 49.6731, 13.0299, 0.250512, 9.26289e-05, 10, 0.00129063
5.2, 50.1575, 13.1538, 0.250535, 0.000116199, 10, 0.000471396
5.25, 50.6419, 13.2778, 0.250556, 0.000101729, 10, -0.000289402
5.3, 51.1262, 13.4017, 0.250566, 5.25998e-05, 10, -0.000982576
5.35, 51.6106, 13.5257, 0.250561, -2.74492e-05, 10, -0.00160098
5.4, 52.095, 13.6497, 0.250534, -0.000134423, 10, -0.00213947
5.45, 52.5794, 13.7736, 0.250481, -0.000264164, 10, -0.00259483
5.5, 53.0638, 13.8976, 0.250399, -0.000412448, 10, -0.00296567
5.55, 53.5482, 14.0215, 0.250284, -0.000575061, 10, -0.00325227
5.6, 54.0326, 14.1453, 0.250134, -0.000747886, 10, -0.0034565
5.65, 54.5171, 14.2691, 0.249949, -0.000926964, 10, -0.00358155
5.7, 55.0015, 14.3928, 0.249727, -0.00110856, 10, -0.00363185
5.75, 55.486, 14.5163, 0.249469, -0.0012892, 10, -0.00361283
5.8, 55.9705, 14.6398, 0.249176, -0.00146574, 10, -0.00353076
5.85, 56.4551, 14.7631, 0.248849, -0.00163536, 10, -0.00339253
5.9, 56.9397, 14.8862, 0.24849, -0.00179564, 10, -0.00320549
5.95, 57.4243, 15.0092, 0.248101, -0.0019445, 10, -0.0029773
6, 57.909, 15.132, 0.247685, -0.00208029, 10, -0.00271569
6.05, 58.3938, 15.2546, 0.247244, -0.00220171, 10, -0.00242839
6.1, 58.8786, 15.3769, 0.246783, -0.00230785, 10, -0.00212293
6.15, 59.3634, 15.4991, 0.246303, -0.00239818, 10, -0.00180654
6.2, 59.8483, 15.621, 0.245809, -0.00247248, 10, -0.00148604
6.25, 60.3333, 15.7426, 0.245303, -0.00253087, 10, -0.00116773
6.3, 60.8183, 15.8641, 0.244788, -0.00257373, 10, -0.000857348
6.35, 61.3034, 15.9852, 0.244267, -0.00260173, 10, -0.000559993
6.4, 61.7886, 16.1062, 0.243744, -0.00261574, 10, -0.000280079
6.45, 62.2738, 16.2268, 0.243221, -0.0026168, 10, -2.13222e-05
6.5, 62.7591, 16.3472, 0.2427, -0.00260614, 10, 0.000213274
6.55, 63.2444, 16.4674, 0.242183, -0.00258507, 10, 0.000421413
6.6, 63.7298, 16.5873, 0.241672, -0.002555, 10, 0.000601484
6.65, 64.2153, 16.707, 0.241168, -0.00251737, 10, 0.000752542
6.7, 64.7008, 16.8264, 0.240674, -0.00247366, 10, 0.000874258
6.75, 65.1864, 16.9456, 0.240188, -0.00242531, 10, 0.000966883
6.8, 65.6721, 17.0645, 0.239714, -0.00237375, 10, 0.00103119
6.85, 66.1578, 17.1832, 0.23925, -0.00232033, 10, 0.0010684
6.9, 66.6435, 17.3017, 0.238796, -0.00226633, 10, 0.00108015
6.95, 67.1294, 17.42, 0.238354, -0.0022129, 10, 0.00106841
7, 67.6152, 17.538, 0.237922, -0.00216113, 10, 0.00103542
7.05, 68.1011, 17.6559, 0.237499, -0.00211195, 10, 0.000983617
7.1, 68.5871, 17.7735, 0.237086, -0.00206617, 10, 0.00091559
7.15, 69.0731, 17.891, 0.236681, -0.00202447, 10, 0.000834005
7.2, 69.5592, 18.0082, 0.236284, -0.0019874, 10, 0.000741555
7.25, 70.0453, 18.1252, 0.235893, -0.00195535, 10, 0.000640907
7.3, 70.5314, 18.2421, 0.235507, -0.00192862, 10, 0.000534653
7.35, 71.0176, 18.3588, 0.235125, -0.00190735, 10, 0.000425267
7.4, 71.5039, 18.4752, 0.234747, -0.0018916, 10, 0.000315074
7.45, 71.9902, 18.5915, 0.234371, -0.00188129, 10, 0.000206214
7.5, 72.4765, 18.7077, 0.233995, -0.00187626, 10, 0.000100619
7.55, 72.9629, 18.8236, 0.23362, -0.00187626, 10, -8.83225e-10
7.6, 73.4493, 18.9393, 0.233244, -0.00188097, 10, -9.41768e-05
7.65, 73.9357, 19.0549, 0.232866, -0.00189, 10, -0.000180684
7.7, 74.4222, 19.1703, 0.232485, -0.00190293, 10, -0.000258543
7.75, 74.9088, 19.2855, 0.232102, -0.00191928, 10, -0.000327022
7.8, 75.3954, 19.4005, 0.231714, -0.00193856, 10, -0.000385623
7.85, 75.882, 19.5153, 0.231322, -0.00196026, 10, -0.000434075
7.9, 76.3687, 19.63, 0.230925, -0.00198388, 10, -0.00047232
7.95, 76.8554, 19.7444, 0.230523, -0.00200891, 10, -0.000500494
8, 77.3422, 19.8586, 0.230116, -0.00203485, 10, -0.000518909
8.05, 77.829, 19.9727, 0.229704, -0.00206125, 10, -0.000528031
8.1, 78.3159, 20.0865, 0.229287, -0.00208768, 10, -0.000528459
8.15, 78.8028, 20.2002, 0.228864, -0.00211372, 10, -0.000520906
8.2, 79.2898, 20.3136, 0.228436, -0.00213903, 10, -0.000506167
8.25, 79.7768, 20.4268, 0.228003, -0.00216328, 10, -0.000485109
8.3, 80.2638, 20.5399, 0.227566, -0.00218622, 10, -0.000458637
8.35, 80.751, 20.6527, 0.227125, -0.0022076, 10, -0.000427682
8.4, 81.2381, 20.7652, 0.226679, -0.00222726, 10, -0.00039318
8.45, 81.7253, 20.8776, 0.22623, -0.00224506, 10, -0.000356052
8.5, 82.2126, 20.9898, 0.225778, -0.00226092, 10, -0.000317188
8.55, 82.6999, 21.1017, 0.225323, -0.00227479, 10, -0.000277436
8.6, 83.1873, 21.2134, 0.224866, -0.00228667, 10, -0.000237586
8.65, 83.6747, 21.3249, 0.224406, -0.00229659, 10, -0.000198366
8.7, 84.1621, 21.4362, 0.223945, -0.00230461, 10, -0.000160426
8.75, 84.6496, 21.5472, 0.223483, -0.00231083, 10, -0.000124338
8.8, 85.1372, 21.658, 0.22302, -0.00231536, 10, -9.05915e-05
8.85, 85.6248, 21.7686, 0.222556, -0.00231834, 10, -5.95896e-05
8.9, 86.1125, 21.879, 0.222092, -0.00231992, 10, -3.16498e-05
8.95, 86.6002, 21.9891, 0.221628, -0.00232027, 10, -7.00549e-06
9, 87.088, 22.099, 0.221164, -0.00231956, 10, 1.41915e-05
9.05, 87.5758, 22.2087, 0.220701, -0.00231797, 10, 3.18665e-05
9.1, 88.0637, 22.3182, 0.220238, -0.00231567, 10, 4.60171e-05
9.15, 88.5516, 22.4274, 0.219775, -0.00231283, 10, 5.67067e-05
9.2, 89.0396, 22.5364, 0.219313, -0.00230963, 10, 6.4058e-05
9.25, 89.5276, 22.6452, 0.218852, -0.00230622, 10, 6.82455e-05
9.3, 90.0157, 22.7537, 0.218391, -0.00230274, 10, 6.9488e-05
9.35, 90.5038, 22.8621, 0.217932, -0.00229934, 10, 6.80403e-05
9.4, 90.992, 22.9702, 0.217472, -0.00229613, 10, 6.4186e-05
9.45, 91.4802, 23.078, 0.217014, -0.00229322, 10, 5.82293e-05
9.5, 91.9685, 23.1857, 0.216556, -0.0022907, 10, 5.04877e-05
9.55, 92.4568, 23.2931, 0.216098, -0.00228863, 10, 4.1285e-05
9.6, 92.9452, 23.4003, 0.21564, -0.00228708, 10, 3.09448e-05
9.65, 93.4336, 23.5073, 0.215183, -0.00228609, 10, 1.97841e-05
9.7, 93.922, 23.6141, 0.214726, -0.00228569, 10, 8.10857e-06
9.75, 94.4106, 23.7206, 0.214269, -0.00228588, 10, -3.79283e-06
9.8, 94.8991, 23.8269, 0.213812, -0.00228666, 10, -1.56513e-05
9.85, 95.3877, 23.933, 0.213354, -0.00228802, 10, -2.72219e-05
9.9, 95.8764, 24.0389, 0.212896, -0.00228994, 10, -3.82856e-05
9.95, 96.3651, 24.1446, 0.212438, -0.00229237, 10, -4.86517e-05
10, 96.8539, 24.25, 0.211978, -0.00229528, 10, -5.81586e-05
10.05, 97.3427, 24.3552, 0.211519, -0.00229861, 10, -6.66744e-05
10.1, 97.8315, 24.4601, 0.211058, -0.00230232, 10, -7.40969e-05
10.15, 98.3204, 24.5649, 0.210597, -0.00230633, 10, -8.03531e-05
10.2, 98.8094, 24.6694, 0.210135, -0.0023106, 10, -8.53978e-05
10.25, 99.2984, 24.7737, 0.209672, -0.00231506, 10, -8.92121e-05
10.3, 99.7874, 24.8778, 0.209208, -0.00231965, 10, -9.18017e-05
10.35, 100.277, 24.9816, 0.208743, -0.00232431, 10, -9.31948e-05
10.4, 100.766, 25.0852, 0.208277, -0.00232899, 10, -9.34391e-05
10.45, 101.255, 25.1886, 0.207811, -0.00233362, 10, -9.25999e-05
10.5, 101.744, 25.2918, 0.207343, -0.00233815, 10, -9.0757e-05
10.55, 102.233, 25.3947, 0.206874, -0.00234255, 10, -8.80023e-05
10.6, 102.723, 25.4974, 0.206405, -0.00234678, 10, -8.44365e-05
10.65, 103.212, 25.5999, 0.205935, -0.00235078, 10, -8.01672e-05
10.7, 103.702, 25.7021, 0.205464, -0.00235455, 10, -7.53057e-05
10.75, 104.191, 25.8041, 0.204992, -0.00235805, 10, -6.9965e-05
10.8, 104.681, 25.9059, 0.20452, -0.00236126, 10, -6.42574e-05
10.85, 105.17, 26.0075, 0.204047, -0.00236417, 10, -5.82924e-05
10.9, 105.66, 26.1088, 0.203574, -0.00236678, 10, -5.21751e-05
10.95, 106.149, 26.2099, 0.2031, -0.00236908, 10, -4.60045e-05
11, 106.639, 26.3107, 0.202626, -0.00237108, 10, -3.98722e-05
11.05, 107.129, 26.4113, 0.202151, -0.00237277, 10, -3.38613e-05
11.1, 107.619, 26.5117, 0.201676, -0.00237417, 10, -2.80456e-05
11.15, 108.109, 26.6119, 0.201201, -0.0023753, 10, -2.24891e-05
11.2, 108.599, 26.7118, 0.200726, -0.00237616, 10, -1.72455e-05
11.25, 109.089, 26.8115, 0.200251, -0.00237678, 10, -1.23581e-05
11.3, 109.579, 26.911, 0.199775, -0.00237717, 10, -7.86027e-06
11.35, 110.069, 27.0102, 0.1993, -0.00237736, 10, -3.77497e-06
11.4, 110.559, 27.1092, 0.198824, -0.00237736, 10, -1.15783e-07
11.45, 111.049, 27.2079, 0.198349, -0.00237721, 10, 3.11273e-06
11.5, 111.539, 27.3065, 0.197874, -0.00237691, 10, 5.91433e-06
11.55, 112.029, 27.4048, 0.197398, -0.0023765, 10, 8.30034e-06
11.6, 112.52, 27.5028, 0.196923, -0.00237598, 10, 1.02887e-05
11.65, 113.01, 27.6006, 0.196448, -0.00237539, 10, 1.19033e-05
11.7, 113.5, 27.6982, 0.195973, -0.00237473, 10, 1.31726e-05
11.75, 113.991, 27.7956, 0.195498, -0.00237402, 10, 1.4129e-05
11.8, 114.481, 27.8927, 0.195024, -0.00237328, 10, 1.48081e-05
11.85, 114.972, 27.9896, 0.194549, -0.00237252, 10, 1.52473e-05
11.9, 115.462, 28.0863, 0.194075, -0.00237175, 10, 1.54851e-05
11.95, 115.953, 28.1827, 0.193601, -0.00237097, 10, 1.55605e-05
12, 116.444, 28.2789, 0.193127, -0.00237019, 10, 1.5512e-05
12.05, 116.934, 28.3749, 0.192653, -0.00236942, 10, 1.53769e-05
12.1, 117.425, 28.4706, 0.192179, -0.00236866, 10, 1.51911e-05
12.15, 117.916, 28.5661, 0.191705, -0.00236792, 10, 1.49878e-05
12.2, 118.407, 28.6614, 0.191232, -0.00236718, 10, 1.47979e-05
12.25, 118.898, 28.7564, 0.190759, -0.00236644, 10, 1.46492e-05
12.3, 119.388, 28.8512, 0.190285, -0.00236571, 10, 1.4566e-05
12.35, 119.879, 28.9458, 0.189812, -0.00236499, 10, 1.45694e-05
12.4, 120.37, 29.0401, 0.18934, -0.00236425, 10, 1.46769e-05
12.45, 120.862, 29.1342, 0.188867, -0.00236351, 10, 1.49022e-05
12.5, 121.353, 29.2281, 0.188394, -0.00236274, 10, 1.52556e-05
12.55, 121.844, 29.3217, 0.187922, -0.00236196, 10, 1.57442e-05
12.6, 122.335, 29.4151, 0.18745, -0.00236114, 10, 1.63713e-05
12.65, 122.826, 29.5083, 0.186978, -0.00236028, 10, 1.71376e-05
12.7, 123.318, 29.6013, 0.186506, -0.00235938, 10, 1.80407e-05
12.75, 123.809, 29.694, 0.186034, -0.00235843, 10, 1.90759e-05
12.8, 124.3, 29.7865, 0.185563, -0.00235741, 10, 2.0236e-05
12.85, 124.792, 29.8787, 0.185091, -0.00235634, 10, 2.15121e-05
12.9, 125.283, 29.9707, 0.18462, -0.00235519, 10, 2.28936e-05
12.95, 125.775, 30.0625, 0.18415, -0.00235398, 10, 2.43686e-05
13, 126.266, 30.1541, 0.183679, -0.00235268, 10, 2.59245e-05
13.05, 126.758, 30.2454, 0.183209, -0.0023513, 10, 2.75477e-05
13.1, 127.249, 30.3365, 0.182739, -0.00234984, 10, 2.92247e-05
13.15, 127.741, 30.4273, 0.182269, -0.00234829, 10, 3.09415e-05
13.2, 128.233, 30.518, 0.1818, -0.00234666, 10, 3.26848e-05
13.25, 128.725, 30.6084, 0.181331, -0.00234494, 10, 3.44414e-05
13.3, 129.216, 30.6985, 0.180862, -0.00234313, 10, 3.61989e-05
13.35, 129.708, 30.7885, 0.180394, -0.00234123, 10, 3.79455e-05
13.4, 130.2, 30.8782, 0.179926, -0.00233925, 10, 3.96708e-05
13.45, 130.692, 30.9677, 0.179459, -0.00233718, 10, 4.13651e-05
13.5, 131.184, 31.0569, 0.178992, -0.00233503, 10, 4.30199e-05
13.55, 131.676, 31.1459, 0.178525, -0.0023328, 10, 4.46281e-05
13.6, 132.168, 31.2347, 0.178059, -0.00233049, 10, 4.61837e-05
13.65, 132.66, 31.3233, 0.177593, -0.0023281, 10, 4.7682e-05
13.7, 133.152, 31.4116, 0.177128, -0.00232565, 10, 4.91196e-05
13.75, 133.644, 31.4997, 0.176664, -0.00232312, 10, 5.0494e-05
13.8, 134.137, 31.5876, 0.176199, -0.00232053, 10, 5.18042e-05
13.85, 134.629, 31.6752, 0.175736, -0.00231788, 10, 5.305e-05
13.9, 135.121, 31.7626, 0.175273, -0.00231517, 10, 5.42322e-05
13.95, 135.614, 31.8498, 0.17481, -0.0023124, 10, 5.53525e-05
14, 136.106, 31.9368, 0.174348, -0.00230958, 10, 5.64133e-05
14.05, 136.598, 32.0235, 0.173887, -0.00230671, 10, 5.74178e-05
14.1, 137.091, 32.11, 0.173426, -0.00230379, 10, 5.83694e-05
14.15, 137.583, 32.1963, 0.172966, -0.00230083, 10, 5.92722e-05
14.2, 138.076, 32.2824, 0.172507, -0.00229782, 10, 6.01305e-05
14.25, 138.568, 32.3682, 0.172048, -0.00229477, 10, 6.09487e-05
14.3, 139.061, 32.4538, 0.171589, -0.00229169, 10, 6.17315e-05
14.35, 139.554, 32.5392, 0.171132, -0.00228856, 10, 6.24835e-05
14.4, 140.046, 32.6243, 0.170675, -0.0022854, 10, 6.3209e-05
14.45, 140.539, 32.7092, 0.170218, -0.00228221, 10, 6.39125e-05
14.5, 141.032, 32.7939, 0.169762, -0.00227898, 10, 6.4598e-05
14.55, 141.525, 32.8784, 0.169307, -0.00227571, 10, 6.52692e-05
14.6, 142.018, 32.9627, 0.168853, -0.00227242, 10, 6.59296e-05
14.65, 142.51, 33.0467, 0.168399, -0.00226909, 10, 6.65823e-05
14.7, 143.003, 33.1305, 0.167946, -0.00226573, 10, 6.72298e-05
14.75, 143.496, 33.2141, 0.167493, -0.00226233, 10, 6.78744e-05
14.8, 143.989, 33.2974, 0.167041, -0.00225891, 10, 6.85179e-05
14.85, 144.482, 33.3806, 0.16659, -0.00225545, 10, 6.91616e-05
14.9, 144.975, 33.4635, 0.16614, -0.00225196, 10, 6.98066e-05
14.95, 145.469, 33.5462, 0.16569, -0.00224843, 10, 7.04532e-05
15, 145.962, 33.6286, 0.165241, -0.00224488, 10, 7.11018e-05
15.05, 146.455, 33.7109, 0.164793, -0.00224129, 10, 7.1752e-05
15.1, 146.948, 33.7929, 0.164346, -0.00223767, 10, 7.24034e-05
15.15, 147.441, 33.8747, 0.163899, -0.00223402, 10, 7.30551e-05
15.2, 147.935, 33.9563, 0.163453, -0.00223033, 10, 7.37062e-05
15.25, 148.428, 34.0376, 0.163007, -0.00222662, 10, 7.43553e-05
15.3, 148.921, 34.1188, 0.162563, -0.00222287, 10, 7.50011e-05
15.35, 149.415, 34.1997, 0.162119, -0.00221908, 10, 7.5642e-05
15.4, 149.908, 34.2804, 0.161676, -0.00221527, 10, 7.62763e-05
15.45, 150.402, 34.3609, 0.161234, -0.00221142, 10, 7.69023e-05
15.5, 150.895, 34.4412, 0.160792, -0.00220755, 10, 7.75183e-05
15.55, 151.389, 34.5212, 0.160351, -0.00220364, 10, 7.81227e-05
15.6, 151.882, 34.6011, 0.159911, -0.00219971, 10, 7.87137e-05
15.65, 152.376, 34.6807, 0.159472, -0.00219574, 10, 7.92898e-05
15.7, 152.87, 34.7601, 0.159034, -0.00219175, 10, 7.98495e-05
15.75, 153.363, 34.8392, 0.158596, -0.00218773, 10, 8.03913e-05
15.8, 153.857, 34.9182, 0.15816, -0.00218368, 10, 8.09141e-05
15.85, 154.351, 34.997, 0.157724, -0.00217961, 10, 8.14166e-05
15.9, 154.845, 35.0755, 0.157289, -0.00217552, 10, 8.18979e-05
15.95, 155.338, 35.1538, 0.156854, -0.0021714, 10, 8.23572e-05
16, 155.832, 35.2319, 0.156421, -0.00216726, 10, 8.27938e-05
16.05, 156.326, 35.3098, 0.155988, -0.0021631, 10, 8.32072e-05
16.1, 156.82, 35.3875, 0.155556, -0.00215892, 10, 8.3597e-05
16.15, 157.314, 35.465, 0.155126, -0.00215472, 10, 8.39629e-05
16.2, 157.808, 35.5422, 0.154695, -0.00215051, 10, 8.43049e-05
16.25, 158.302, 35.6193, 0.154266, -0.00214628, 10, 8.46229e-05
16.3, 158.796, 35.6961, 0.153838, -0.00214203, 10, 8.49172e-05
16.35, 159.29, 35.7727, 0.15341, -0.00213777, 10, 8.51879e-05
16.4, 159.784, 35.8491, 0.152984, -0.0021335, 10, 8.54354e-05
16.45, 160.279, 35.9253, 0.152558, -0.00212922, 10, 8.566e-05
16.5, 160.773, 36.0013, 0.152133, -0.00212492, 10, 8.58622e-05
16.55, 161.267, 36.0771, 0.151709, -0.00212062, 10, 8.60424e-05
16.6, 161.761, 36.1526, 0.151285, -0.00211631, 10, 8.62013e-05
16.65, 162.256, 36.228, 0.150863, -0.00211199, 10, 8.63393e-05
16.7, 162.75, 36.3031, 0.150441, -0.00210767, 10, 8.64569e-05
16.75, 163.244, 36.3781, 0.150021, -0.00210334, 10, 8.65548e-05
16.8, 163.739, 36.4528, 0.149601, -0.00209901, 10, 8.66335e-05
16.85, 164.233, 36.5273, 0.149182, -0.00209468, 10, 8.66934e-05
16.9, 164.727, 36.6016, 0.148764, -0.00209034, 10, 8.6735e-05
16.95, 165.222, 36.6757, 0.148347, -0.002086, 10, 8.67588e-05
17, 165.716, 36.7496, 0.14793, -0.00208166, 10, 8.67651e-05
17.05, 166.211, 36.8233, 0.147515, -0.00207733, 10, 8.67544e-05
17.1, 166.706, 36.8968, 0.1471, -0.00207299, 10, 8.67268e-05
17.15, 167.2, 36.9701, 0.146687, -0.00206866, 10, 8.66827e-05
17.2, 167.695, 37.0432, 0.146274, -0.00206433, 10, 8.66223e-05
17.25, 168.189, 37.1161, 0.145862, -0.00206, 10, 8.65457e-05
17.3, 168.684, 37.1887, 0.145451, -0.00205568, 10, 8.64531e-05
17.35, 169.179, 37.2612, 0.14504, -0.00205136, 10, 8.63444e-05
17.4, 169.674, 37.3335, 0.144631, -0.00204705, 10, 8.62197e-05
17.45, 170.168, 37.4055, 0.144222, -0.00204274, 10, 8.6079e-05
17.5, 170.663, 37.4774, 0.143815, -0.00203845, 10, 8.59222e-05
17.55, 171.158, 37.549, 0.143408, -0.00203416, 10, 8.57492e-05
17.6, 171.653, 37.6205, 0.143002, -0.00202988, 10, 8.556e-05
17.65, 172.148, 37.6918, 0.142597, -0.00202561, 10, 8.53544e-05
17.7, 172.643, 37.7628, 0.142192, -0.00202136, 10, 8.51323e-05
17.75, 173.138, 37.8337, 0.141789, -0.00201711, 10, 8.48934e-05
17.8, 173.633, 37.9043, 0.141386, -0.00201288, 10, 8.46377e-05
17.85, 174.128, 37.9748, 0.140985, -0.00200866, 10, 8.43649e-05
17.9, 174.623, 38.0451, 0.140584, -0.00200446, 10, 8.4075e-05
17.95, 175.118, 38.1151, 0.140184, -0.00200027, 10, 8.37676e-05
18, 175.613, 38.185, 0.139785, -0.0019961, 10, 8.34428e-05
18.05, 176.108, 38.2546, 0.139386, -0.00199194, 10, 8.31003e-05
18.1, 176.603, 38.3241, 0.138989, -0.00198781, 10, 8.27401e-05
18.15, 177.098, 38.3934, 0.138592, -0.00198369, 10, 8.2362e-05
18.2, 177.594, 38.4625, 0.138196, -0.00197959, 10, 8.19659e-05
18.25, 178.089, 38.5313, 0.137801, -0.00197551, 10, 8.15518e-05
18.3, 178.584, 38.6, 0.137407, -0.00197146, 10, 8.11196e-05
18.35, 179.079, 38.6685, 0.137013, -0.00196742, 10, 8.06692e-05
18.4, 179.575, 38.7368, 0.13662, -0.00196341, 10, 8.02008e-05
18.45, 180.07, 38.8049, 0.136228, -0.00195943, 10, 7.97142e-05
18.5, 180.565, 38.8728, 0.135837, -0.00195547, 10, 7.92095e-05
18.55, 181.061, 38.9405, 0.135447, -0.00195153, 10, 7.86868e-05
18.6, 181.556, 39.008, 0.135058, -0.00194762, 10, 7.81461e-05
18.65, 182.052, 39.0753, 0.134669, -0.00194375, 10, 7.75875e-05
18.7, 182.547, 39.1425, 0.134281, -0.00193989, 10, 7.70111e-05
18.75, 183.043, 39.2094, 0.133894, -0.00193607, 10, 7.6417e-05
18.8, 183.538, 39.2762, 0.133507, -0.00193228, 10, 7.58053e-05
18.85, 184.034, 39.3427, 0.133121, -0.00192853, 10, 7.51761e-05
18.9, 184.529, 39.4091, 0.132736, -0.0019248, 10, 7.45297e-05
18.95, 185.025, 39.4753, 0.132352, -0.00192111, 10, 7.38661e-05
19, 185.52, 39.5412, 0.131969, -0.00191745, 10, 7.31854e-05
19.05, 186.016, 39.607, 0.131586, -0.00191382, 10, 7.24879e-05
19.1, 186.512, 39.6726, 0.131204, -0.00191023, 10, 7.17737e-05
19.15, 187.007, 39.738, 0.130823, -0.00190668, 10, 7.10429e-05
19.2, 187.503, 39.8033, 0.130442, -0.00190317, 10, 7.02956e-05
19.25, 187.999, 39.8683, 0.130062, -0.00189969, 10, 6.95322e-05
19.3, 188.495, 39.9332, 0.129683, -0.00189625, 10, 6.87525e-05
19.35, 188.991, 39.9978, 0.129304, -0.00189285, 10, 6.7957e-05
19.4, 189.486, 40.0623, 0.128926, -0.0018895, 10, 6.71456e-05
19.45, 189.982, 40.1266, 0.128549, -0.00188618, 10, 6.63185e-05
19.5, 190.478, 40.1907, 0.128173, -0.00188291, 10, 6.54758e-05
19.55, 190.974, 40.2546, 0.127797, -0.00187968, 10, 6.46177e-05
19.6, 191.47, 40.3183, 0.127421, -0.00187649, 10, 6.37443e-05
19.65, 191.966, 40.3818, 0.127047, -0.00187335, 10, 6.28558e-05
19.7, 192.462, 40.4452, 0.126673, -0.00187025, 10, 6.19521e-05
19.75, 192.958, 40.5084, 0.126299, -0.0018672, 10, 6.10335e-05
19.8, 193.454, 40.5713, 0.125926, -0.00186419, 10, 6.01001e-05
19.85, 193.95, 40.6341, 0.125554, -0.00186123, 10, 5.91519e-05
19.9, 194.446, 40.6968, 0.125182, -0.00185832, 10, 5.8189e-05
19.95, 194.942, 40.7592, 0.124811, -0.00185546, 10, 5.72117e-05
20, 195.438, 40.8214, 0.124441, -0.00185265, 10, 5.62199e-05
20.05, 195.934, 40.8835, 0.124071, -0.00184989, 10, 5.52137e-05
20.1, 196.43, 40.9454, 0.123701, -0.00184718, 10, 5.41934e-05
20.15, 196.927, 41.0071, 0.123332, -0.00184452, 10, 5.31589e-05
20.2, 197.423, 41.0686, 0.122964, -0.00184192, 10, 5.21103e-05
20.25, 197.919, 41.1299, 0.122596, -0.00183937, 10, 5.10479e-05
20.3, 198.415, 41.191, 0.122229, -0.00183687, 10, 4.99716e-05
20.35, 198.912, 41.252, 0.121862, -0.00183442, 10, 4.88816e-05
20.4, 199.408, 41.3128, 0.121495, -0.00183204, 10, 4.77779e-05
20.45, 199.904, 41.3734, 0.12113, -0.0018297, 10, 4.66608e-05
20.5, 200.401, 41.4338, 0.120764, -0.00182743, 10, 4.55303e-05
20.55, 200.897, 41.494, 0.120399, -0.00182521, 10, 4.43865e-05
20.6, 201.393, 41.5541, 0.120034, -0.00182305, 10, 4.32296e-05
20.65, 201.89, 41.614, 0.11967, -0.00182094, 10, 4.20597e-05
20.7, 202.386, 41.6737, 0.119306, -0.0018189, 10, 4.08769e-05
20.75, 202.883, 41.7332, 0.118943, -0.00181691, 10, 3.96813e-05
20.8, 203.379, 41.7925, 0.11858, -0.00181499, 10, 3.84731e-05
20.85, 203.875, 41.8516, 0.118217, -0.00181313, 10, 3.72525e-05
20.9, 204.372, 41.9106, 0.117855, -0.00181133, 10, 3.60195e-05
20.95, 204.869, 41.9694, 0.117493, -0.00180959, 10, 3.47743e-05
21, 205.365, 42.028, 0.117132, -0.00180791, 10, 3.35171e-05
21.05, 205.862, 42.0865, 0.11677, -0.0018063, 10, 3.2248e-05
21.1, 206.358, 42.1447, 0.116409, -0.00180475, 10, 3.09672e-05
21.15, 206.855, 42.2028, 0.116049, -0.00180327, 10, 2.96748e-05
21.2, 207.351, 42.2607, 0.115688, -0.00180185, 10, 2.8371e-05
21.25, 207.848, 42.3184, 0.115328, -0.0018005, 10, 2.7056e-05
21.3, 208.345, 42.3759, 0.114968, -0.00179921, 10, 2.57299e-05
21.35, 208.842, 42.4333, 0.114609, -0.00179799, 10, 2.43928e-05
21.4, 209.338, 42.4905, 0.11425, -0.00179684, 10, 2.30451e-05
21.45, 209.835, 42.5475, 0.11389, -0.00179575, 10, 2.16867e-05
21.5, 210.332, 42.6043, 0.113531, -0.00179474, 10, 2.0318e-05
21.55, 210.829, 42.6609, 0.113173, -0.00179379, 10, 1.8939e-05
21.6, 211.325, 42.7174, 0.112814, -0.00179291, 10, 1.755e-05
21.65, 211.822, 42.7737, 0.112456, -0.00179211, 10, 1.61511e-05
21.7, 212.319, 42.8298, 0.112097, -0.00179137, 10, 1.47425e-05
21.75, 212.816, 42.8857, 0.111739, -0.0017907, 10, 1.33243e-05
21.8, 213.313, 42.9415, 0.111381, -0.00179011, 10, 1.18968e-05
21.85, 213.81, 42.997, 0.111023, -0.00178958, 10, 1.04601e-05
21.9, 214.307, 43.0524, 0.110665, -0.00178913, 10, 9.0144e-06
21.95, 214.803, 43.1077, 0.110308, -0.00178876, 10, 7.55984e-06
22, 215.3, 43.1627, 0.10995, -0.00178845, 10, 6.09663e-06
22.05, 215.797, 43.2176, 0.109592, -0.00178822, 10, 4.62492e-06
22.1, 216.294, 43.2723, 0.109235, -0.00178806, 10, 3.14491e-06
22.15, 216.791, 43.3268, 0.108877, -0.00178798, 10, 1.65677e-06
22.2, 217.288, 43.3811, 0.10852, -0.00178797, 10, 1.60672e-07
22.25, 217.786, 43.4353, 0.108162, -0.00178804, 10, -1.3432e-06
22.3, 218.283, 43.4892, 0.107804, -0.00178818, 10, -2.85468e-06
22.35, 218.78, 43.543, 0.107447, -0.0017884, 10, -4.37357e-06
22.4, 219.277, 43.5966, 0.107089, -0.0017887, 10, -5.89971e-06
22.45, 219.774, 43.6501, 0.106731, -0.00178907, 10, -7.43291e-06
22.5, 220.271, 43.7034, 0.106373, -0.00178952, 10, -8.97299e-06
22.55, 220.768, 43.7564, 0.106015, -0.00179004, 10, -1.05198e-05
22.6, 221.266, 43.8093, 0.105657, -0.00179065, 10, -1.20731e-05
22.65, 221.763, 43.8621, 0.105299, -0.00179133, 10, -1.36327e-05
22.7, 222.26, 43.9146, 0.10494, -0.00179209, 10, -1.51985e-05
22.75, 222.757, 43.967, 0.104582, -0.00179293, 10, -1.67702e-05
22.8, 223.254, 44.0192, 0.104223, -0.00179384, 10, -1.83478e-05
22.85, 223.752, 44.0712, 0.103864, -0.00179484, 10, -1.99309e-05
22.9, 224.249, 44.1231, 0.103505, -0.00179592, 10, -2.15195e-05
22.95, 224.746, 44.1747, 0.103145, -0.00179707, 10, -2.31132e-05
23, 225.244, 44.2262, 0.102786, -0.00179831, 10, -2.4712e-05
23.05, 225.741, 44.2775, 0.102426, -0.00179962, 10, -2.63157e-05
23.1, 226.238, 44.3286, 0.102066, -0.00180102, 10, -2.7924e-05
23.15, 226.736, 44.3796, 0.101705, -0.0018025, 10, -2.95367e-05
23.2, 227.233, 44.4303, 0.101344, -0.00180405, 10, -3.11537e-05
23.25, 227.731, 44.4809, 0.100983, -0.00180569, 10, -3.27748e-05
23.3, 228.228, 44.5313, 0.100622, -0.00180741, 10, -3.43998e-05
23.35, 228.726, 44.5815, 0.10026, -0.00180921, 10, -3.60285e-05
23.4, 229.223, 44.6316, 0.0998977, -0.0018111, 10, -3.76606e-05
23.45, 229.721, 44.6815, 0.0995351, -0.00181306, 10, -3.92961e-05
23.5, 230.218, 44.7311, 0.0991721, -0.00181511, 10, -4.09346e-05
23.55, 230.716, 44.7807, 0.0988086, -0.00181724, 10, -4.25761e-05
23.6, 231.213, 44.83, 0.0984447, -0.00181945, 10, -4.42202e-05
23.65, 231.711, 44.8791, 0.0980804, -0.00182174, 10, -4.58669e-05
23.7, 232.208, 44.9281, 0.0977155, -0.00182412, 10, -4.75159e-05
23.75, 232.706, 44.9769, 0.0973502, -0.00182657, 10, -4.91669e-05
23.8, 233.204, 45.0255, 0.0969844, -0.00182912, 10, -5.08199e-05
23.85, 233.701, 45.0739, 0.0966181, -0.00183174, 10, -5.24746e-05
23.9, 234.199, 45.1221, 0.0962512, -0.00183445, 10, -5.41308e-05
23.95, 234.697, 45.1702, 0.0958837, -0.00183724, 10, -5.57883e-05
24, 235.194, 45.218, 0.0955157, -0.00184011, 10, -5.74469e-05
24.05, 235.692, 45.2657, 0.0951471, -0.00184306, 10, -5.91065e-05
24.1, 236.19, 45.3132, 0.0947779, -0.0018461, 10, -6.07667e-05
24.15, 236.688, 45.3605, 0.094408, -0.00184922, 10, -6.24274e-05
24.2, 237.185, 45.4077, 0.0940375, -0.00185243, 10, -6.40885e-05
24.25, 237.683, 45.4546, 0.0936664, -0.00185571, 10, -6.57496e-05
24.3, 238.181, 45.5014, 0.0932946, -0.00185909, 10, -6.74106e-05
24.35, 238.679, 45.548, 0.0929221, -0.00186254, 10, -6.90714e-05
24.4, 239.177, 45.5944, 0.0925488, -0.00186608, 10, -7.07316e-05
24.45, 239.675, 45.6406, 0.0921749, -0.0018697, 10, -7.23912e-05
24.5, 240.172, 45.6866, 0.0918002, -0.0018734, 10, -7.40498e-05
24.55, 240.67, 45.7324, 0.0914248, -0.00187718, 10, -7.57073e-05
24.6, 241.168, 45.7781, 0.0910486, -0.00188105, 10, -7.73635e-05
24.65, 241.666, 45.8235, 0.0906716, -0.001885, 10, -7.90182e-05
24.7, 242.164, 45.8688, 0.0902938, -0.00188904, 10, -8.06712e-05
24.75, 242.662, 45.9139, 0.0899151, -0.00189315, 10, -8.23223e-05
24.8, 243.16, 45.9588, 0.0895357, -0.00189735, 10, -8.39713e-05
24.85, 243.658, 46.0035, 0.0891553, -0.00190163, 10, -8.56179e-05
24.9, 244.156, 46.048, 0.0887741, -0.00190599, 10, -8.72621e-05
24.95, 244.654, 46.0923, 0.0883921, -0.00191044, 10, -8.89035e-05
25, 245.152, 46.1365, 0.0880091, -0.00191497, 10, -9.0542e-05
25.05, 245.65, 46.1804, 0.0876251, -0.00191958, 10, -9.21774e-05
25.1, 246.148, 46.2242, 0.0872403, -0.00192427, 10, -9.38094e-05
25.15, 246.646, 46.2678, 0.0868545, -0.00192904, 10, -9.5438e-05
25.2, 247.144, 46.3111, 0.0864677, -0.00193389, 10, -9.70628e-05
25.25, 247.643, 46.3543, 0.0860799, -0.00193883, 10, -9.86837e-05
25.3, 248.141, 46.3973, 0.0856912, -0.00194384, 10, -0.0001003
25.35, 248.639, 46.4401, 0.0853014, -0.00194894, 10, -0.000101913
25.4, 249.137, 46.4827, 0.0849106, -0.00195411, 10, -0.000103521
25.45, 249.635, 46.5251, 0.0845187, -0.00195937, 10, -0.000105124
25.5, 250.134, 46.5673, 0.0841257, -0.0019647, 10, -0.000106722
25.55, 250.632, 46.6093, 0.0837317, -0.00197012, 10, -0.000108316
25.6, 251.13, 46.6511, 0.0833366, -0.00197562, 10, -0.000109903
25.65, 251.628, 46.6927, 0.0829404, -0.00198119, 10, -0.000111486
25.7, 252.127, 46.7342, 0.082543, -0.00198684, 10, -0.000113062
25.75, 252.625, 46.7754, 0.0821445, -0.00199257, 10, -0.000114633
25.8, 253.123, 46.8164, 0.0817448, -0.00199838, 10, -0.000116198
25.85, 253.621, 46.8572, 0.0813439, -0.00200427, 10, -0.000117756
25.9, 254.12, 46.8979, 0.0809419, -0.00201024, 10, -0.000119308
25.95, 254.618, 46.9383, 0.0805386, -0.00201628, 10, -0.000120853
26, 255.117, 46.9785, 0.0801342, -0.0020224, 10, -0.000122391
26.05, 255.615, 47.0186, 0.0797284, -0.0020286, 10, -0.000123922
26.1, 256.113, 47.0584, 0.0793215, -0.00203487, 10, -0.000125446
26.15, 256.612, 47.098, 0.0789132, -0.00204122, 10, -0.000126962
26.2, 257.11, 47.1374, 0.0785037, -0.00204764, 10, -0.000128471
26.25, 257.609, 47.1766, 0.0780929, -0.00205414, 10, -0.000129972
26.3, 258.107, 47.2156, 0.0776807, -0.00206071, 10, -0.000131464
26.35, 258.606, 47.2544, 0.0772672, -0.00206736, 10, -0.000132949
26.4, 259.104, 47.293, 0.0768524, -0.00207408, 10, -0.000134425
26.45, 259.603, 47.3314, 0.0764363, -0.00208087, 10, -0.000135892
26.5, 260.101, 47.3696, 0.0760187, -0.00208774, 10, -0.000137351
26.55, 260.6, 47.4076, 0.0755998, -0.00209468, 10, -0.0001388
26.6, 261.098, 47.4453, 0.0751794, -0.00210169, 10, -0.00014024
26.65, 261.597, 47.4829, 0.0747577, -0.00210878, 10, -0.000141671
26.7, 262.096, 47.5202, 0.0743345, -0.00211593, 10, -0.000143093
26.75, 262.594, 47.5574, 0.0739099, -0.00212316, 10, -0.000144504
26.8, 263.093, 47.5943, 0.0734838, -0.00213045, 10, -0.000145906
26.85, 263.591, 47.631, 0.0730562, -0.00213782, 10, -0.000147297
26.9, 264.09, 47.6675, 0.0726271, -0.00214525, 10, -0.000148678
26.95, 264.589, 47.7038, 0.0721966, -0.00215275, 10, -0.000150049
27, 265.088, 47.7398, 0.0717645, -0.00216032, 10, -0.000151409
27.05, 265.586, 47.7757, 0.0713309, -0.00216796, 10, -0.000152758
27.1, 266.085, 47.8113, 0.0708958, -0.00217567, 10, -0.000154096
27.15, 266.584, 47.8467, 0.0704591, -0.00218344, 10, -0.000155423
27.2, 267.082, 47.8819, 0.0700209, -0.00219128, 10, -0.000156738
27.25, 267.581, 47.9169, 0.069581, -0.00219918, 10, -0.000158042
27.3, 268.08, 47.9517, 0.0691396, -0.00220714, 10, -0.000159334
27.35, 268.579, 47.9862, 0.0686966, -0.00221517, 10, -0.000160614
27.4, 269.078, 48.0205, 0.0682519, -0.00222327, 10, -0.000161881
27.45, 269.576, 48.0546, 0.0678056, -0.00223143, 10, -0.000163137
27.5, 270.075, 48.0885, 0.0673577, -0.00223964, 10, -0.00016438
27.55, 270.574, 48.1222, 0.0669081, -0.00224793, 10, -0.00016561
27.6, 271.073, 48.1556, 0.0664568, -0.00225627, 10, -0.000166828
27.65, 271.572, 48.1888, 0.0660039, -0.00226467, 10, -0.000168033
27.7, 272.071, 48.2218, 0.0655493, -0.00227313, 10, -0.000169224
27.75, 272.57, 48.2545, 0.065093, -0.00228165, 10, -0.000170402
27.8, 273.069, 48.2871, 0.0646349, -0.00229023, 10, -0.000171567
27.85, 273.568, 48.3194, 0.0641751, -0.00229886, 10, -0.000172718
27.9, 274.067, 48.3514, 0.0637136, -0.00230756, 10, -0.000173855
27.95, 274.566, 48.3833, 0.0632504, -0.00231631, 10, -0.000174978
28, 275.065, 48.4149, 0.0627853, -0.00232511, 10, -0.000176087
28.05, 275.564, 48.4462, 0.0623185, -0.00233397, 10, -0.000177181
28.1, 276.063, 48.4774, 0.06185, -0.00234288, 10, -0.000178261
28.15, 276.562, 48.5083, 0.0613796, -0.00235185, 10, -0.000179327
28.2, 277.061, 48.5389, 0.0609074, -0.00236087, 10, -0.000180377
28.25, 277.56, 48.5694, 0.0604334, -0.00236994, 10, -0.000181413
28.3, 278.059, 48.5996, 0.0599576, -0.00237906, 10, -0.000182434
28.35, 278.558, 48.6295, 0.05948, -0.00238823, 10, -0.000183439
28.4, 279.057, 48.6593, 0.0590005, -0.00239745, 10, -0.000184429
28.45, 279.556, 48.6887, 0.0585191, -0.00240672, 10, -0.000185403
28.5, 280.055, 48.718, 0.0580359, -0.00241604, 10, -0.000186361
28.55, 280.555, 48.747, 0.0575508, -0.00242541, 10, -0.000187304
28.6, 281.054, 48.7758, 0.0570639, -0.00243482, 10, -0.00018823
28.65, 281.553, 48.8043, 0.056575, -0.00244427, 10, -0.000189141
28.7, 282.052, 48.8325, 0.0560843, -0.00245378, 10, -0.000190035
28.75, 282.551, 48.8606, 0.0555916, -0.00246332, 10, -0.000190912
28.8, 283.051, 48.8884, 0.055097, -0.00247291, 10, -0.000191773
28.85, 283.55, 48.9159, 0.0546005, -0.00248254, 10, -0.000192618
28.9, 284.049, 48.9432, 0.0541021, -0.00249221, 10, -0.000193445
28.95, 284.548, 48.9702, 0.0536017, -0.00250193, 10, -0.000194255
29, 285.048, 48.997, 0.0530993, -0.00251168, 10, -0.000195048
29.05, 285.547, 49.0235, 0.0525951, -0.00252147, 10, -0.000195824
29.1, 286.046, 49.0498, 0.0520888, -0.0025313, 10, -0.000196582
29.15, 286.546, 49.0759, 0.0515806, -0.00254117, 10, -0.000197323
29.2, 287.045, 49.1016, 0.0510703, -0.00255107, 10, -0.000198046
29.25, 287.544, 49.1272, 0.0505581, -0.00256101, 10, -0.000198751
29.3, 288.044, 49.1524, 0.0500439, -0.00257098, 10, -0.000199439
29.35, 288.543, 49.1774, 0.0495277, -0.00258098, 10, -0.000200108
29.4, 289.042, 49.2022, 0.0490095, -0.00259102, 10, -0.000200759
29.45, 289.542, 49.2267, 0.0484893, -0.00260109, 10, -0.000201391
29.5, 290.041, 49.2509, 0.0479671, -0.00261119, 10, -0.000202005
29.55, 290.541, 49.2749, 0.0474428, -0.00262132, 10, -0.000202601
29.6, 291.04, 49.2986, 0.0469165, -0.00263148, 10, -0.000203178
29.65, 291.54, 49.3221, 0.0463882, -0.00264167, 10, -0.000203736
29.7, 292.039, 49.3452, 0.0458578, -0.00265188, 10, -0.000204275
29.75, 292.538, 49.3682, 0.0453254, -0.00266212, 10, -0.000204795
29.8, 293.038, 49.3908, 0.0447909, -0.00267238, 10, -0.000205296
29.85, 293.537, 49.4132, 0.0442544, -0.00268267, 10, -0.000205777
29.9, 294.037, 49.4353, 0.0437158, -0.00269299, 10, -0.00020624
29.95, 294.536, 49.4572, 0.0431751, -0.00270332, 10, -0.000206682
30, 295.036, 49.4788, 0.0426324, -0.00271367, 10, -0.000207106
30.05, 295.536, 49.5001, 0.0420876, -0.00272405, 10, -0.000207509
30.1, 296.035, 49.5211, 0.0415407, -0.00273444, 10, -0.000207893
30.15, 296.535, 49.5419, 0.0409917, -0.00274486, 10, -0.000208257
30.2, 297.034, 49.5624, 0.0404406, -0.00275529, 10, -0.000208601
30.25, 297.534, 49.5826, 0.0398875, -0.00276573, 10, -0.000208925
30.3, 298.033, 49.6025, 0.0393322, -0.0027762, 10, -0.000209228
30.35, 298.533, 49.6222, 0.0387749, -0.00278667, 10, -0.000209512
30.4, 299.033, 49.6416, 0.0382155, -0.00279716, 10, -0.000209775
30.45, 299.532, 49.6607, 0.0376539, -0.00280766, 10, -0.000210017
30.5, 300.032, 49.6795, 0.0370903, -0.00281817, 10, -0.00021024
30.55, 300.532, 49.698, 0.0365246, -0.00282869, 10, -0.000210441
30.6, 301.031, 49.7163, 0.0359567, -0.00283923, 10, -0.000210622
30.65, 301.531, 49.7343, 0.0353868, -0.00284976, 10, -0.000210782
30.7, 302.031, 49.7519, 0.0348147, -0.00286031, 10, -0.000210921
30.75, 302.53, 49.7693, 0.0342405, -0.00287086, 10, -0.00021104
30.8, 303.03, 49.7865, 0.0336642, -0.00288142, 10, -0.000211137
30.85, 303.53, 49.8033, 0.0330858, -0.00289198, 10, -0.000211214
30.9, 304.03, 49.8198, 0.0325053, -0.00290254, 10, -0.000211269
30.95, 304.529, 49.8361, 0.0319227, -0.00291311, 10, -0.000211303
31, 305.029, 49.852, 0.031338, -0.00292367, 10, -0.000211316
31.05, 305.529, 49.8677, 0.0307511, -0.00293424, 10, -0.000211308
31.1, 306.029, 49.8831, 0.0301622, -0.0029448, 10, -0.000211278
31.15, 306.528, 49.8982, 0.0295711, -0.00295537, 10, -0.000211227
31.2, 307.028, 49.9129, 0.0289779, -0.00296592, 10, -0.000211154
31.25, 307.528, 49.9274, 0.0283826, -0.00297648, 10, -0.00021106
31.3, 308.028, 49.9416, 0.0277852, -0.00298702, 10, -0.000210944
31.35, 308.527, 49.9555, 0.0271857, -0.00299756, 10, -0.000210807
31.4, 309.027, 49.9691, 0.0265841, -0.0030081, 10, -0.000210648
31.45, 309.527, 49.9824, 0.0259803, -0.00301862, 10, -0.000210467
31.5, 310.027, 49.9954, 0.0253745, -0.00302913, 10, -0.000210265
31.55, 310.527, 50.0081, 0.0247666, -0.00303963, 10, -0.00021004
31.6, 311.027, 50.0205, 0.0241566, -0.00305012, 10, -0.000209794
31.65, 311.526, 50.0325, 0.0235444, -0.0030606, 10, -0.000209526
31.7, 312.026, 50.0443, 0.0229302, -0.00307106, 10, -0.000209237
31.75, 312.526, 50.0558, 0.0223139, -0.00308151, 10, -0.000208925
31.8, 313.026, 50.0669, 0.0216955, -0.00309194, 10, -0.000208591
31.85, 313.526, 50.0778, 0.0210751, -0.00310235, 10, -0.000208236
31.9, 314.026, 50.0883, 0.0204525, -0.00311274, 10, -0.000207858
31.95, 314.526, 50.0985, 0.0198279, -0.00312312, 10, -0.000207459
32, 315.026, 50.1084, 0.0192012, -0.00313347, 10, -0.000207037
32.05, 315.526, 50.118, 0.0185724, -0.0031438, 10, -0.000206594
32.1, 316.025, 50.1273, 0.0179416, -0.0031541, 10, -0.000206128
32.15, 316.525, 50.1363, 0.0173087, -0.00316439, 10, -0.00020564
32.2, 317.025, 50.145, 0.0166738, -0.00317464, 10, -0.000205131
32.25, 317.525, 50.1533, 0.0160368, -0.00318487, 10, -0.000204599
32.3, 318.025, 50.1613, 0.0153978, -0.00319507, 10, -0.000204045
32.35, 318.525, 50.169, 0.0147567, -0.00320525, 10, -0.000203469
32.4, 319.025, 50.1764, 0.0141137, -0.00321539, 10, -0.000202871
32.45, 319.525, 50.1834, 0.0134686, -0.0032255, 10, -0.000202251
32.5, 320.025, 50.1902, 0.0128214, -0.00323558, 10, -0.000201609
32.55, 320.525, 50.1966, 0.0121723, -0.00324563, 10, -0.000200945
32.6, 321.025, 50.2027, 0.0115212, -0.00325564, 10, -0.000200259
32.65, 321.525, 50.2084, 0.0108681, -0.00326562, 10, -0.000199551
32.7, 322.025, 50.2139, 0.0102129, -0.00327556, 10, -0.000198821
32.75, 322.525, 50.219, 0.00955584, -0.00328547, 10, -0.000198069
32.8, 323.025, 50.2237, 0.00889677, -0.00329533, 10, -0.000197295
32.85, 323.525, 50.2282, 0.00823574, -0.00330516, 10, -0.0001965
32.9, 324.025, 50.2323, 0.00757275, -0.00331494, 10, -0.000195682
32.95, 324.525, 50.2361, 0.00690781, -0.00332468, 10, -0.000194843
33, 325.025, 50.2396, 0.00624093, -0.00333438, 10, -0.000193981
33.05, 325.525, 50.2427, 0.00557212, -0.00334404, 10, -0.000193098
33.1, 326.025, 50.2455, 0.00490139, -0.00335365, 10, -0.000192194
33.15, 326.525, 50.2479, 0.00422874, -0.00336321, 10, -0.000191267
33.2, 327.025, 50.25, 0.0035542, -0.00337273, 10, -0.000190319
33.25, 327.525, 50.2518, 0.00287776, -0.00338219, 10, -0.00018935
33.3, 328.025, 50.2532, 0.00219943, -0.00339161, 10, -0.000188359
33.35, 328.525, 50.2543, 0.00151923, -0.00340098, 10, -0.000187346
33.4, 329.025, 50.2551, 0.000837171, -0.00341029, 10, -0.000186312
33.45, 329.525, 50.2555, 0.000153257, -0.00341956, 10, -0.000185257
33.5, 330.025, 50.2556, -0.000532499, -0.00342877, 10, -0.00018418
33.55, 330.525, 50.2553, -0.00122009, -0.00343792, 10, -0.000183083
33.6, 331.025, 50.2547, -0.00190949, -0.00344702, 10, -0.000181964
33.65, 331.525, 50.2538, -0.00260071, -0.00345606, 10, -0.000180823
33.7, 332.025, 50.2525, -0.00329372, -0.00346504, 10, -0.000179662
33.75, 332.525, 50.2508, -0.00398851, -0.00347397, 10, -0.00017848
33.8, 333.025, 50.2488, -0.00468508, -0.00348283, 10, -0.000177278
33.85, 333.525, 50.2465, -0.00538341, -0.00349163, 10, -0.000176054
33.9, 334.025, 50.2438, -0.00608349, -0.00350037, 10, -0.00017481
33.95, 334.525, 50.2407, -0.0067853, -0.00350905, 10, -0.000173545
34, 335.025, 50.2374, -0.00748884, -0.00351766, 10, -0.000172259
34.05, 335.525, 50.2336, -0.00819408, -0.00352621, 10, -0.000170953
34.1, 336.025, 50.2295, -0.00890103, -0.00353469, 10, -0.000169627
34.15, 336.525, 50.2251, -0.00960965, -0.00354311, 10, -0.000168281
34.2, 337.025, 50.2203, -0.0103199, -0.00355145, 10, -0.000166914
34.25, 337.525, 50.2151, -0.0110319, -0.00355973, 10, -0.000165528
34.3, 338.025, 50.2096, -0.0117455, -0.00356794, 10, -0.000164122
34.35, 338.524, 50.2037, -0.0124607, -0.00357607, 10, -0.000162695
34.4, 339.024, 50.1975, -0.0131775, -0.00358413, 10, -0.000161249
34.45, 339.524, 50.1909, -0.013896, -0.00359212, 10, -0.000159784
34.5, 340.024, 50.1839, -0.014616, -0.00360004, 10, -0.000158299
34.55, 340.524, 50.1766, -0.0153375, -0.00360788, 10, -0.000156795
34.6, 341.024, 50.169, -0.0160607, -0.00361564, 10, -0.000155271
34.65, 341.524, 50.1609, -0.0167853, -0.00362333, 10, -0.000153729
34.7, 342.024, 50.1525, -0.0175115, -0.00363093, 10, -0.000152167
34.75, 342.524, 50.1438, -0.0182392, -0.00363846, 10, -0.000150587
34.8, 343.024, 50.1347, -0.0189684, -0.00364591, 10, -0.000148987
34.85, 343.524, 50.1252, -0.0196991, -0.00365328, 10, -0.00014737
34.9, 344.024, 50.1153, -0.0204312, -0.00366057, 10, -0.000145734
34.95, 344.524, 50.1051, -0.0211648, -0.00366777, 10, -0.000144079
35, 345.024, 50.0945, -0.0218997, -0.00367489, 10, -0.000142407
35.05, 345.523, 50.0836, -0.0226361, -0.00368193, 10, -0.000140716
35.1, 346.023, 50.0723, -0.0233739, -0.00368888, 10, -0.000139008
35.15, 346.523, 50.0606, -0.0241131, -0.00369574, 10, -0.000137282
35.2, 347.023, 50.0485, -0.0248536, -0.00370252, 10, -0.000135538
35.25, 347.523, 50.0361, -0.0255954, -0.00370921, 10, -0.000133777
35.3, 348.023, 50.0233, -0.0263386, -0.00371581, 10, -0.000131999
35.35, 348.523, 50.0101, -0.027083, -0.00372232, 10, -0.000130203
35.4, 349.022, 49.9966, -0.0278288, -0.00372874, 10, -0.000128391
35.45, 349.522, 49.9827, -0.0285758, -0.00373507, 10, -0.000126562
35.5, 350.022, 49.9684, -0.0293241, -0.0037413, 10, -0.000124716
35.55, 350.522, 49.9537, -0.0300736, -0.00374745, 10, -0.000122854
35.6, 351.021, 49.9387, -0.0308243, -0.00375349, 10, -0.000120976
35.65, 351.521, 49.9233, -0.0315762, -0.00375945, 10, -0.000119082
35.7, 352.021, 49.9075, -0.0323292, -0.00376531, 10, -0.000117171
35.75, 352.521, 49.8914, -0.0330834, -0.00377107, 10, -0.000115245
35.8, 353.02, 49.8748, -0.0338388, -0.00377673, 10, -0.000113304
35.85, 353.52, 49.8579, -0.0345953, -0.0037823, 10, -0.000111347
35.9, 354.02, 49.8406, -0.0353528, -0.00378777, 10, -0.000109375
35.95, 354.52, 49.8229, -0.0361114, -0.00379314, 10, -0.000107388
36, 355.019, 49.8049, -0.0368711, -0.00379841, 10, -0.000105386
36.05, 355.519, 49.7865, -0.0376318, -0.00380358, 10, -0.00010337
36.1, 356.019, 49.7676, -0.0383936, -0.00380864, 10, -0.000101339
36.15, 356.518, 49.7484, -0.0391563, -0.00381361, 10, -9.92945e-05
36.2, 357.018, 49.7289, -0.03992, -0.00381847, 10, -9.72355e-05
36.25, 357.517, 49.7089, -0.0406847, -0.00382323, 10, -9.51628e-05
36.3, 358.017, 49.6886, -0.0414502, -0.00382788, 10, -9.30764e-05
36.35, 358.517, 49.6679, -0.0422167, -0.00383243, 10, -9.09767e-05
36.4, 359.016, 49.6468, -0.0429841, -0.00383687, 10, -8.88637e-05
36.45, 359.516, 49.6253, -0.0437523, -0.00384121, 10, -8.67378e-05
36.5, 360.015, 49.6034, -0.0445214, -0.00384544, 10, -8.45991e-05
36.55, 360.515, 49.5812, -0.0452914, -0.00384956, 10, -8.24478e-05
36.6, 361.014, 49.5585, -0.0460621, -0.00385358, 10, -8.02841e-05
36.65, 361.514, 49.5355, -0.0468336, -0.00385748, 10, -7.81084e-05
36.7, 362.013, 49.5121, -0.0476058, -0.00386128, 10, -7.59207e-05
36.75, 362.513, 49.4883, -0.0483788, -0.00386497, 10, -7.37213e-05
36.8, 363.012, 49.4641, -0.0491525, -0.00386854, 10, -7.15104e-05
36.85, 363.511, 49.4395, -0.049927, -0.00387201, 10, -6.92882e-05
36.9, 364.011, 49.4146, -0.050702, -0.00387536, 10, -6.7055e-05
36.95, 364.51, 49.3893, -0.0514778, -0.0038786, 10, -6.4811e-05
37, 365.009, 49.3635, -0.0522541, -0.00388173, 10, -6.25564e-05
37.05, 365.509, 49.3374, -0.0530311, -0.00388474, 10, -6.02915e-05
37.1, 366.008, 49.3109, -0.0538086, -0.00388764, 10, -5.80164e-05
37.15, 366.507, 49.284, -0.0545867, -0.00389043, 10, -5.57314e-05
37.2, 367.007, 49.2567, -0.0553653, -0.0038931, 10, -5.34367e-05
37.25, 367.506, 49.2291, -0.0561444, -0.00389566, 10, -5.11326e-05
37.3, 368.005, 49.201, -0.0569241, -0.0038981, 10, -4.88193e-05
37.35, 368.504, 49.1726, -0.0577041, -0.00390042, 10, -4.6497e-05
37.4, 369.003, 49.1437, -0.0584847, -0.00390263, 10, -4.4166e-05
37.45, 369.502, 49.1145, -0.0592656, -0.00390472, 10, -4.18265e-05
37.5, 370.002, 49.0849, -0.060047, -0.0039067, 10, -3.94788e-05
37.55, 370.501, 49.0549, -0.0608287, -0.00390855, 10, -3.7123e-05
37.6, 371, 49.0245, -0.0616107, -0.00391029, 10, -3.47594e-05
37.65, 371.499, 48.9937, -0.0623931, -0.00391191, 10, -3.23883e-05
37.7, 371.998, 48.9625, -0.0631758, -0.00391341, 10, -3.001e-05
37.75, 372.497, 48.931, -0.0639588, -0.00391479, 10, -2.76245e-05
37.8, 372.996, 48.899, -0.064742, -0.00391605, 10, -2.52323e-05
37.85, 373.495, 48.8666, -0.0655254, -0.0039172, 10, -2.28335e-05
37.9, 373.994, 48.8339, -0.0663091, -0.00391822, 10, -2.04284e-05
37.95, 374.493, 48.8008, -0.0670929, -0.00391912, 10, -1.80172e-05
38, 374.992, 48.7673, -0.0678769, -0.0039199, 10, -1.56003e-05
38.05, 375.49, 48.7333, -0.068661, -0.00392056, 10, -1.31777e-05
38.1, 375.989, 48.699, -0.0694452, -0.00392109, 10, -1.07498e-05
38.15, 376.488, 48.6643, -0.0702295, -0.00392151, 10, -8.31691e-06
38.2, 376.987, 48.6293, -0.0710139, -0.0039218, 10, -5.87915e-06
38.25, 377.485, 48.5938, -0.0717983, -0.00392198, 10, -3.43683e-06
38.3, 377.984, 48.5579, -0.0725827, -0.00392202, 10, -9.90182e-07
38.35, 378.483, 48.5217, -0.0733671, -0.00392195, 10, 1.46053e-06
38.4, 378.982, 48.485, -0.0741515, -0.00392176, 10, 3.91506e-06
38.45, 379.48, 48.448, -0.0749358, -0.00392144, 10, 6.37315e-06
38.5, 379.979, 48.4105, -0.07572, -0.003921, 10, 8.83455e-06
38.55, 380.477, 48.3727, -0.076504, -0.00392043, 10, 1.1299e-05
38.6, 380.976, 48.3345, -0.077288, -0.00391974, 10, 1.37663e-05
38.65, 381.474, 48.2959, -0.0780718, -0.00391893, 10, 1.62361e-05
38.7, 381.973, 48.2569, -0.0788554, -0.003918, 10, 1.87082e-05
38.75, 382.471, 48.2175, -0.0796388, -0.00391694, 10, 2.11824e-05
38.8, 382.97, 48.1777, -0.0804219, -0.00391575, 10, 2.36583e-05
38.85, 383.468, 48.1376, -0.0812048, -0.00391445, 10, 2.61358e-05
38.9, 383.966, 48.097, -0.0819874, -0.00391302, 10, 2.86146e-05
38.95, 384.465, 48.0561, -0.0827697, -0.00391146, 10, 3.10945e-05
39, 384.963, 48.0147, -0.0835517, -0.00390978, 10, 3.35751e-05
39.05, 385.461, 47.973, -0.0843333, -0.00390798, 10, 3.60562e-05
39.1, 385.96, 47.9309, -0.0851145, -0.00390605, 10, 3.85376e-05
39.15, 386.458, 47.8884, -0.0858953, -0.003904, 10, 4.10191e-05
39.2, 386.956, 47.8455, -0.0866757, -0.00390183, 10, 4.35003e-05
39.25, 387.454, 47.8022, -0.0874556, -0.00389953, 10, 4.59811e-05
39.3, 387.952, 47.7585, -0.088235, -0.0038971, 10, 4.84611e-05
39.35, 388.45, 47.7145, -0.0890139, -0.00389456, 10, 5.09401e-05
39.4, 388.948, 47.67, -0.0897923, -0.00389189, 10, 5.3418e-05
39.45, 389.446, 47.6252, -0.0905701, -0.00388909, 10, 5.58943e-05
39.5, 389.944, 47.5799, -0.0913474, -0.00388617, 10, 5.83689e-05
39.55, 390.442, 47.5343, -0.092124, -0.00388313, 10, 6.08416e-05
39.6, 390.94, 47.4883, -0.0929, -0.00387997, 10, 6.3312e-05
39.65, 391.438, 47.442, -0.0936753, -0.00387668, 10, 6.578e-05
39.7, 391.936, 47.3952, -0.09445, -0.00387326, 10, 6.82452e-05
39.75, 392.433, 47.348, -0.0952239, -0.00386973, 10, 7.07075e-05
39.8, 392.931, 47.3005, -0.0959972, -0.00386607, 10, 7.31667e-05
39.85, 393.429, 47.2526, -0.0967696, -0.00386229, 10, 7.56223e-05
39.9, 393.926, 47.2043, -0.0975413, -0.00385839, 10, 7.80743e-05
39.95, 394.424, 47.1556, -0.0983122, -0.00385436, 10, 8.05223e-05
40, 394.922, 47.1065, -0.0990822, -0.00385021, 10, 8.29662e-05
40.05, 395.419, 47.057, -0.0998514, -0.00384594, 10, 8.54057e-05
40.1, 395.917, 47.0072, -0.10062, -0.00384155, 10, 8.78406e-05
40.15, 396.414, 46.957, -0.101387, -0.00383704, 10, 9.02705e-05
40.2, 396.912, 46.9064, -0.102154, -0.0038324, 10, 9.26953e-05
40.25, 397.409, 46.8554, -0.102919, -0.00382765, 10, 9.51148e-05
40.3, 397.906, 46.804, -0.103684, -0.00382277, 10, 9.75287e-05
40.35, 398.404, 46.7522, -0.104447, -0.00381777, 10, 9.99368e-05
40.4, 398.901, 46.7001, -0.10521, -0.00381266, 10, 0.000102339
40.45, 399.398, 46.6476, -0.105971, -0.00380742, 10, 0.000104735
40.5, 399.895, 46.5947, -0.106732, -0.00380206, 10, 0.000107124
40.55, 400.393, 46.5415, -0.107491, -0.00379659, 10, 0.000109506
40.6, 400.89, 46.4878, -0.108249, -0.00379099, 10, 0.000111882
40.65, 401.387, 46.4338, -0.109006, -0.00378528, 10, 0.00011425
40.7, 401.884, 46.3794, -0.109762, -0.00377945, 10, 0.000116611
40.75, 402.381, 46.3246, -0.110517, -0.0037735, 10, 0.000118965
40.8, 402.878, 46.2695, -0.11127, -0.00376744, 10, 0.00012131
40.85, 403.375, 46.214, -0.112023, -0.00376125, 10, 0.000123647
40.9, 403.871, 46.1581, -0.112774, -0.00375495, 10, 0.000125977
40.95, 404.368, 46.1018, -0.113523, -0.00374854, 10, 0.000128297
41, 404.865, 46.0452, -0.114272, -0.00374201, 10, 0.000130609
41.05, 405.362, 45.9882, -0.115019, -0.00373536, 10, 0.000132912
41.1, 405.858, 45.9308, -0.115765, -0.0037286, 10, 0.000135206
41.15, 406.355, 45.873, -0.116509, -0.00372173, 10, 0.000137491
41.2, 406.852, 45.8149, -0.117252, -0.00371474, 10, 0.000139766
41.25, 407.348, 45.7564, -0.117993, -0.00370764, 10, 0.000142031
41.3, 407.845, 45.6975, -0.118733, -0.00370042, 10, 0.000144286
41.35, 408.341, 45.6383, -0.119472, -0.0036931, 10, 0.000146531
41.4, 408.838, 45.5787, -0.120209, -0.00368566, 10, 0.000148766
41.45, 409.334, 45.5188, -0.120945, -0.00367811, 10, 0.00015099
41.5, 409.83, 45.4584, -0.121679, -0.00367045, 10, 0.000153204
41.55, 410.327, 45.3977, -0.122411, -0.00366268, 10, 0.000155406
41.6, 410.823, 45.3367, -0.123142, -0.0036548, 10, 0.000157598
41.65, 411.319, 45.2753, -0.123872, -0.00364681, 10, 0.000159778
41.7, 411.815, 45.2135, -0.1246, -0.00363871, 10, 0.000161946
41.75, 412.312, 45.1514, -0.125326, -0.00363051, 10, 0.000164103
41.8, 412.808, 45.0889, -0.12605, -0.0036222, 10, 0.000166248
41.85, 413.304, 45.026, -0.126773, -0.00361378, 10, 0.000168381
41.9, 413.8, 44.9628, -0.127494, -0.00360525, 10, 0.000170502
41.95, 414.296, 44.8992, -0.128213, -0.00359662, 10, 0.00017261
42, 414.791, 44.8353, -0.128931, -0.00358789, 10, 0.000174706
42.05, 415.287, 44.771, -0.129647, -0.00357905, 10, 0.000176789
42.1, 415.783, 44.7064, -0.130361, -0.0035701, 10, 0.000178859
42.15, 416.279, 44.6414, -0.131073, -0.00356106, 10, 0.000180916
42.2, 416.775, 44.576, -0.131783, -0.00355191, 10, 0.00018296
42.25, 417.27, 44.5103, -0.132492, -0.00354266, 10, 0.00018499
42.3, 417.766, 44.4443, -0.133198, -0.00353331, 10, 0.000187007
42.35, 418.261, 44.3779, -0.133903, -0.00352386, 10, 0.000189009
42.4, 418.757, 44.3111, -0.134606, -0.00351431, 10, 0.000190998
42.45, 419.252, 44.244, -0.135307, -0.00350466, 10, 0.000192973
42.5, 419.748, 44.1766, -0.136006, -0.00349491, 10, 0.000194934
42.55, 420.243, 44.1088, -0.136703, -0.00348507, 10, 0.00019688
42.6, 420.739, 44.0406, -0.137398, -0.00347513, 10, 0.000198812
42.65, 421.234, 43.9721, -0.138091, -0.00346509, 10, 0.00020073
42.7, 421.729, 43.9033, -0.138782, -0.00345496, 10, 0.000202632
42.75, 422.224, 43.8341, -0.139471, -0.00344474, 10, 0.000204519
42.8, 422.719, 43.7646, -0.140158, -0.00343442, 10, 0.000206392
42.85, 423.215, 43.6948, -0.140843, -0.003424, 10, 0.000208249
42.9, 423.71, 43.6246, -0.141525, -0.0034135, 10, 0.00021009
42.95, 424.205, 43.5541, -0.142206, -0.0034029, 10, 0.000211917
43, 424.7, 43.4832, -0.142884, -0.00339222, 10, 0.000213727
43.05, 425.194, 43.412, -0.143561, -0.00338144, 10, 0.000215522
43.1, 425.689, 43.3405, -0.144235, -0.00337058, 10, 0.000217301
43.15, 426.184, 43.2686, -0.144907, -0.00335962, 10, 0.000219064
43.2, 426.679, 43.1964, -0.145577, -0.00334858, 10, 0.000220811
43.25, 427.174, 43.1239, -0.146244, -0.00333745, 10, 0.000222542
43.3, 427.668, 43.051, -0.146909, -0.00332624, 10, 0.000224256
43.35, 428.163, 42.9778, -0.147572, -0.00331494, 10, 0.000225954
43.4, 428.657, 42.9043, -0.148233, -0.00330356, 10, 0.000227635
43.45, 429.152, 42.8305, -0.148891, -0.0032921, 10, 0.0002293
43.5, 429.646, 42.7563, -0.149548, -0.00328055, 10, 0.000230947
43.55, 430.141, 42.6818, -0.150201, -0.00326892, 10, 0.000232578
43.6, 430.635, 42.607, -0.150853, -0.00325721, 10, 0.000234192
43.65, 431.13, 42.5318, -0.151502, -0.00324542, 10, 0.000235789
43.7, 431.624, 42.4564, -0.152149, -0.00323355, 10, 0.000237368
43.75, 432.118, 42.3806, -0.152793, -0.00322161, 10, 0.000238931
43.8, 432.612, 42.3045, -0.153435, -0.00320958, 10, 0.000240475
43.85, 433.106, 42.2281, -0.154074, -0.00319748, 10, 0.000242003
43.9, 433.6, 42.1513, -0.154711, -0.00318531, 10, 0.000243512
43.95, 434.094, 42.0743, -0.155346, -0.00317306, 10, 0.000245005
44, 434.588, 41.9969, -0.155978, -0.00316073, 10, 0.000246479
44.05, 435.082, 41.9193, -0.156608, -0.00314834, 10, 0.000247935
44.1, 435.576, 41.8413, -0.157235, -0.00313587, 10, 0.000249374
44.15, 436.07, 41.763, -0.15786, -0.00312333, 10, 0.000250795
44.2, 436.564, 41.6844, -0.158482, -0.00311072, 10, 0.000252197
44.25, 437.058, 41.6055, -0.159101, -0.00309804, 10, 0.000253582
44.3, 437.551, 41.5263, -0.159718, -0.00308529, 10, 0.000254948
44.35, 438.045, 41.4467, -0.160333, -0.00307248, 10, 0.000256296
44.4, 438.539, 41.3669, -0.160945, -0.0030596, 10, 0.000257625
44.45, 439.032, 41.2868, -0.161554, -0.00304665, 10, 0.000258937
44.5, 439.526, 41.2064, -0.162161, -0.00303364, 10, 0.000260229
44.55, 440.019, 41.1256, -0.162765, -0.00302056, 10, 0.000261504
44.6, 440.512, 41.0446, -0.163367, -0.00300742, 10, 0.000262759
44.65, 441.006, 40.9633, -0.163965, -0.00299422, 10, 0.000263996
44.7, 441.499, 40.8817, -0.164562, -0.00298096, 10, 0.000265215
44.75, 441.992, 40.7998, -0.165155, -0.00296764, 10, 0.000266414
44.8, 442.485, 40.7176, -0.165746, -0.00295426, 10, 0.000267595
44.85, 442.979, 40.6351, -0.166334, -0.00294083, 10, 0.000268757
44.9, 443.472, 40.5523, -0.16692, -0.00292733, 10, 0.0002699
44.95, 443.965, 40.4692, -0.167502, -0.00291378, 10, 0.000271024
45, 444.458, 40.3858, -0.168082, -0.00290017, 10, 0.000272129
45.05, 444.951, 40.3022, -0.16866, -0.00288651, 10, 0.000273215
45.1, 445.444, 40.2183, -0.169234, -0.0028728, 10, 0.000274283
45.15, 445.936, 40.1341, -0.169806, -0.00285903, 10, 0.000275331
45.2, 446.429, 40.0496, -0.170375, -0.00284521, 10, 0.00027636
45.25, 446.922, 39.9648, -0.170941, -0.00283135, 10, 0.000277369
45.3, 447.415, 39.8797, -0.171505, -0.00281743, 10, 0.00027836
45.35, 447.907, 39.7944, -0.172066, -0.00280346, 10, 0.000279331
45.4, 448.4, 39.7088, -0.172623, -0.00278945, 10, 0.000280284
45.45, 448.893, 39.6229, -0.173179, -0.00277539, 10, 0.000281217
45.5, 449.385, 39.5367, -0.173731, -0.00276128, 10, 0.00028213
45.55, 449.878, 39.4503, -0.17428, -0.00274713, 10, 0.000283025
45.6, 450.37, 39.3636, -0.174827, -0.00273293, 10, 0.0002839
45.65, 450.862, 39.2767, -0.175371, -0.0027187, 10, 0.000284756
45.7, 451.355, 39.1894, -0.175911, -0.00270442, 10, 0.000285592
45.75, 451.847, 39.1019, -0.176449, -0.0026901, 10, 0.000286409
45.8, 452.339, 39.0141, -0.176985, -0.00267573, 10, 0.000287207
45.85, 452.831, 38.9261, -0.177517, -0.00266134, 10, 0.000287986
45.9, 453.324, 38.8378, -0.178046, -0.0026469, 10, 0.000288745
45.95, 453.816, 38.7493, -0.178573, -0.00263242, 10, 0.000289484
46, 454.308, 38.6605, -0.179096, -0.00261791, 10, 0.000290205
46.05, 454.8, 38.5714, -0.179617, -0.00260337, 10, 0.000290906
46.1, 455.292, 38.4821, -0.180135, -0.00258879, 10, 0.000291587
46.15, 455.784, 38.3925, -0.18065, -0.00257418, 10, 0.000292249
46.2, 456.275, 38.3026, -0.181161, -0.00255953, 10, 0.000292892
46.25, 456.767, 38.2126, -0.18167, -0.00254486, 10, 0.000293516
46.3, 457.259, 38.1222, -0.182176, -0.00253015, 10, 0.00029412
46.35, 457.751, 38.0316, -0.18268, -0.00251542, 10, 0.000294705
46.4, 458.242, 37.9408, -0.18318, -0.00250065, 10, 0.00029527
46.45, 458.734, 37.8497, -0.183677, -0.00248586, 10, 0.000295816
46.5, 459.226, 37.7584, -0.184171, -0.00247104, 10, 0.000296343
46.55, 459.717, 37.6668, -0.184662, -0.0024562, 10, 0.000296851
46.6, 460.209, 37.575, -0.185151, -0.00244133, 10, 0.000297339
46.65, 460.7, 37.483, -0.185636, -0.00242644, 10, 0.000297808
46.7, 461.192, 37.3907, -0.186118, -0.00241153, 10, 0.000298258
46.75, 461.683, 37.2982, -0.186597, -0.0023966, 10, 0.000298689
46.8, 462.174, 37.2054, -0.187074, -0.00238164, 10, 0.000299101
46.85, 462.666, 37.1124, -0.187547, -0.00236667, 10, 0.000299493
46.9, 463.157, 37.0192, -0.188017, -0.00235167, 10, 0.000299866
46.95, 463.648, 36.9257, -0.188485, -0.00233666, 10, 0.00030022
47, 464.139, 36.8321, -0.188949, -0.00232163, 10, 0.000300555
47.05, 464.63, 36.7381, -0.18941, -0.00230659, 10, 0.000300871
47.1, 465.121, 36.644, -0.189869, -0.00229153, 10, 0.000301169
47.15, 465.612, 36.5496, -0.190324, -0.00227646, 10, 0.000301447
47.2, 466.103, 36.455, -0.190776, -0.00226137, 10, 0.000301706
47.25, 466.594, 36.3602, -0.191226, -0.00224628, 10, 0.000301946
47.3, 467.085, 36.2652, -0.191672, -0.00223117, 10, 0.000302167
47.35, 467.576, 36.17, -0.192115, -0.00221605, 10, 0.00030237
47.4, 468.067, 36.0745, -0.192555, -0.00220092, 10, 0.000302554
47.45, 468.557, 35.9788, -0.192992, -0.00218579, 10, 0.000302719
47.5, 469.048, 35.8829, -0.193427, -0.00217064, 10, 0.000302865
47.55, 469.539, 35.7868, -0.193858, -0.00215549, 10, 0.000302993
47.6, 470.029, 35.6905, -0.194286, -0.00214034, 10, 0.000303102
47.65, 470.52, 35.5939, -0.194711, -0.00212518, 10, 0.000303192
47.7, 471.011, 35.4972, -0.195133, -0.00211002, 10, 0.000303264
47.75, 471.501, 35.4002, -0.195552, -0.00209485, 10, 0.000303318
47.8, 471.992, 35.3031, -0.195968, -0.00207968, 10, 0.000303353
47.85, 472.482, 35.2057, -0.196381, -0.00206451, 10, 0.00030337
47.9, 472.972, 35.1082, -0.19679, -0.00204935, 10, 0.000303368
47.95, 473.463, 35.0104, -0.197197, -0.00203418, 10, 0.000303348
48, 473.953, 34.9125, -0.197601, -0.00201901, 10, 0.000303311
48.05, 474.443, 34.8143, -0.198002, -0.00200385, 10, 0.000303254
48.1, 474.934, 34.7159, -0.1984, -0.00198869, 10, 0.00030318
48.15, 475.424, 34.6174, -0.198794, -0.00197354, 10, 0.000303088
48.2, 475.914, 34.5186, -0.199186, -0.00195839, 10, 0.000302978
48.25, 476.404, 34.4197, -0.199575, -0.00194325, 10, 0.00030285
48.3, 476.894, 34.3206, -0.19996, -0.00192811, 10, 0.000302704
48.35, 477.384, 34.2213, -0.200343, -0.00191298, 10, 0.00030254
48.4, 477.874, 34.1218, -0.200722, -0.00189787, 10, 0.000302359
48.45, 478.364, 34.0221, -0.201099, -0.00188276, 10, 0.00030216
48.5, 478.854, 33.9222, -0.201472, -0.00186766, 10, 0.000301943
48.55, 479.344, 33.8221, -0.201843, -0.00185257, 10, 0.000301709
48.6, 479.834, 33.7219, -0.20221, -0.0018375, 10, 0.000301457
48.65, 480.324, 33.6215, -0.202575, -0.00182244, 10, 0.000301188
48.7, 480.813, 33.5209, -0.202936, -0.0018074, 10, 0.000300902
48.75, 481.303, 33.4201, -0.203295, -0.00179237, 10, 0.000300598
48.8, 481.793, 33.3192, -0.20365, -0.00177735, 10, 0.000300278
48.85, 482.282, 33.2181, -0.204003, -0.00176236, 10, 0.00029994
48.9, 482.772, 33.1168, -0.204352, -0.00174738, 10, 0.000299585
48.95, 483.262, 33.0153, -0.204699, -0.00173242, 10, 0.000299213
49, 483.751, 32.9137, -0.205042, -0.00171748, 10, 0.000298825
49.05, 484.241, 32.8119, -0.205383, -0.00170255, 10, 0.00029842
49.1, 484.73, 32.7099, -0.20572, -0.00168765, 10, 0.000297997
49.15, 485.22, 32.6077, -0.206055, -0.00167278, 10, 0.000297559
49.2, 485.709, 32.5054, -0.206387, -0.00165792, 10, 0.000297104
49.25, 486.199, 32.403, -0.206715, -0.00164309, 10, 0.000296632
49.3, 486.688, 32.3004, -0.207041, -0.00162828, 10, 0.000296144
49.35, 487.177, 32.1976, -0.207363, -0.0016135, 10, 0.000295639
49.4, 487.667, 32.0946, -0.207683, -0.00159874, 10, 0.000295119
49.45, 488.156, 31.9915, -0.208, -0.00158402, 10, 0.000294582
49.5, 488.645, 31.8883, -0.208314, -0.00156931, 10, 0.000294029
49.55, 489.134, 31.7849, -0.208625, -0.00155464, 10, 0.00029346
49.6, 489.623, 31.6813, -0.208933, -0.00154, 10, 0.000292876
49.65, 490.112, 31.5776, -0.209238, -0.00152538, 10, 0.000292275
49.7, 490.602, 31.4738, -0.20954, -0.0015108, 10, 0.000291659
49.75, 491.091, 31.3698, -0.209839, -0.00149625, 10, 0.000291027
49.8, 491.58, 31.2656, -0.210136, -0.00148173, 10, 0.00029038
49.85, 492.069, 31.1613, -0.210429, -0.00146724, 10, 0.000289717
49.9, 492.558, 31.0569, -0.21072, -0.00145279, 10, 0.000289039
49.95, 493.047, 30.9523, -0.211007, -0.00143838, 10, 0.000288345
50, 493.536, 30.8476, -0.211292, -0.00142399, 10, 0.000287636
50.05, 494.024, 30.7427, -0.211574, -0.00140965, 10, 0.000286913
50.1, 494.513, 30.6377, -0.211853, -0.00139534, 10, 0.000286174
50.15, 495.002, 30.5326, -0.212129, -0.00138107, 10, 0.00028542
50.2, 495.491, 30.4273, -0.212403, -0.00136684, 10, 0.000284652
50.25, 495.98, 30.3219, -0.212673, -0.00135264, 10, 0.000283868
50.3, 496.468, 30.2164, -0.212941, -0.00133849, 10, 0.000283077
50.35, 496.957, 30.1107, -0.213206, -0.00132438, 10, 0.000282239
50.4, 497.446, 30.0049, -0.213468, -0.0013103, 10, 0.000281508
50.45, 497.934, 29.899, -0.213727, -0.00129629, 10, 0.00028031
50.5, 498.423, 29.7929, -0.213984, -0.00128225, 10, 0.000280788
50.55, 498.912, 29.6867, -0.214237, -0.0012685, 10, 0.000274967
50.6, 499.4, 29.5804, -0.214488, -0.00125388, 10, 0.000292355
50.65, 499.889, 29.474, -0.214737, -0.00124266, 10, 0.000224479
50.7, 499.889, 29.474, -0.214737, -0.0213312, 0, -0.401771
50.75, 499.889, 29.474, -0.214737, -0.0394109, 0, -0.361594
50.8, 499.889, 29.474, -0.214737, -0.0556826, 0, -0.325434
50.85, 499.889, 29.474, -0.214737, -0.0703271, 0, -0.292891
50.9, 499.889, 29.474, -0.214737, -0.0835072, 0, -0.263602
50.95, 499.889, 29.474, -0.214737, -0.0953693, 0, -0.237242
51, 499.889, 29.474, -0.214737, -0.106045, 0, -0.213517
51.05, 499.889, 29.474, -0.214737, -0.115653, 0, -0.192166
51.1, 499.889, 29.474, -0.214737, -0.124301, 0, -0.172949
51.15, 499.889, 29.474, -0.214737, -0.132084, 0, -0.155654
51.2, 499.889, 29.474, -0.214737, -0.139088, 0, -0.140089
51.25, 499.889, 29.474, -0.214737, -0.145392, 0, -0.12608
51.3, 499.889, 29.474, -0.214737, -0.151066, 0, -0.113472
51.35, 499.889, 29.474, -0.214737, -0.156172, 0, -0.102125
51.4, 499.889, 29.474, -0.214737, -0.160767, 0, -0.0919122
51.45, 499.889, 29.474, -0.214737, -0.164903, 0, -0.082721
51.5, 499.889, 29.474, -0.214737, -0.168626, 0, -0.0744489
51.55, 499.889, 29.474, -0.214737, -0.171976, 0, -0.067004
51.6, 499.889, 29.474, -0.214737, -0.174991, 0, -0.0603036
51.65, 499.889, 29.474, -0.214737, -0.177705, 0, -0.0542732
51.7, 499.889, 29.474, -0.214737, -0.180147, 0, -0.0488459
51.75, 499.889, 29.474, -0.214737, -0.182345, 0, -0.0439613
51.8, 499.889, 29.474, -0.214737, -0.184324, 0, -0.0395652
51.85, 499.889, 29.474, -0.214737, -0.186104, 0, -0.0356087
51.9, 499.889, 29.474, -0.214737, -0.187706, 0, -0.0320478
51.95, 499.889, 29.474, -0.214737, -0.189149, 0, -0.028843
52, 499.889, 29.474, -0.214737, -0.190447, 0, -0.0259587
52.05, 499.889, 29.474, -0.214737, -0.191615, 0, -0.0233629
52.1, 499.889, 29.474, -0.214737, -0.192666, 0, -0.0210266
52.15, 499.889, 29.474, -0.214737, -0.193612, 0, -0.0189239
52.2, 499.889, 29.474, -0.214737, -0.194464, 0, -0.0170315
52.25, 499.889, 29.474, -0.214737, -0.19523, 0, -0.0153284
52.3, 499.889, 29.474, -0.214737, -0.19592, 0, -0.0137955
52.35, 499.889, 29.474, -0.214737, -0.196541, 0, -0.012416
52.4, 499.889, 29.474, -0.214737, -0.197099, 0, -0.0111744
52.45, 499.889, 29.474, -0.214737, -0.197602, 0, -0.0100569
52.5, 499.889, 29.474, -0.214737, -0.198055, 0, -0.00905125
52.55, 499.889, 29.474, -0.214737, -0.198462, 0, -0.00814612
52.6, 499.889, 29.474, -0.214737, -0.198829, 0, -0.00733151
52.65, 499.889, 29.474, -0.214737, -0.199159, 0, -0.00659836
52.7, 499.889, 29.474, -0.214737, -0.199456, 0, -0.00593852
52.75, 499.889, 29.474, -0.214737, -0.199723, 0, -0.00534467
52.8, 499.889, 29.474, -0.214737, -0.199963, 0, -0.0048102
52.85, 499.889, 29.474, -0.214737, -0.20018, 0, -0.00432918
52.9, 499.889, 29.474, -0.214737, -0.200375, 0, -0.00389627
52.95, 499.889, 29.474, -0.214737, -0.20055, 0, -0.00350664
53, 499.889, 29.474, -0.214737, -0.200708, 0, -0.00315598
53.05, 499.889, 29.474, -0.214737, -0.20085, 0, -0.00284038
53.1, 499.889, 29.474, -0.214737, -0.200978, 0, -0.00255634
53.15, 499.889, 29.474, -0.214737, -0.201093, 0, -0.00230071
53.2, 499.889, 29.474, -0.214737, -0.201196, 0, -0.00207064
53.25, 499.889, 29.474, -0.214737, -0.201289, 0, -0.00186357
53.3, 499.889, 29.474, -0.214737, -0.201373, 0, -0.00167721
53.35, 499.889, 29.474, -0.214737, -0.201449, 0, -0.00150949
53.4, 499.889, 29.474, -0.214737, -0.201517, 0, -0.00135854
53.45, 499.889, 29.474, -0.214737, -0.201578, 0, -0.00122269
53.5, 499.889, 29.474, -0.214737, -0.201633, 0, -0.00110042
53.55, 499.889, 29.474, -0.214737, -0.201682, 0, -0.000990378
53.6, 499.889, 29.474, -0.214737, -0.201727, 0, -0.000891341
53.65, 499.889, 29.474, -0.214737, -0.201767, 0, -0.000802207
53.7, 499.889, 29.474, -0.214737, -0.201803, 0, -0.000721986
53.75, 499.889, 29.474, -0.214737, -0.201836, 0, -0.000649787
53.8, 499.889, 29.474, -0.214737, -0.201865, 0, -0.000584809
53.85, 499.889, 29.474, -0.214737, -0.201891, 0, -0.000526328
53.9, 499.889, 29.474, -0.214737, -0.201915, 0, -0.000473695
53.95, 499.889, 29.474, -0.214737, -0.201936, 0, -0.000426325
54, 499.889, 29.474, -0.214737, -0.201955, 0, -0.000383693
54.05, 499.889, 29.474, -0.214737, -0.201973, 0, -0.000345324
54.1, 499.889, 29.474, -0.214737, -0.201988, 0, -0.000310791
54.15, 499.889, 29.474, -0.214737, -0.202002, 0, -0.000279712
54.2, 499.889, 29.474, -0.214737, -0.202015, 0, -0.000251741
54.25, 499.889, 29.474, -0.214737, -0.202026, 0, -0.000226567
54.3, 499.889, 29.474, -0.214737, -0.202036, 0, -0.00020391
54.35, 499.889, 29.474, -0.214737, -0.202045, 0, -0.000183519
54.4, 499.889, 29.474, -0.214737, -0.202054, 0, -0.000165167
54.45, 499.889, 29.474, -0.214737, -0.202061, 0, -0.00014865
54.5, 499.889, 29.474, -0.214737, -0.202068, 0, -0.000133785
54.55, 499.889, 29.474, -0.214737, -0.202074, 0, -0.000120407
54.6, 499.889, 29.474, -0.214737, -0.202079, 0, -0.000108366
54.65, 499.889, 29.474, -0.214737, -0.202084, 0, -9.75296e-05
54.7, 499.889, 29.474, -0.214737, -0.202088, 0, -8.77766e-05
54.75, 499.889, 29.474, -0.214737, -0.202092, 0, -7.8999e-05
54.8, 499.889, 29.474, -0.214737, -0.202096, 0, -7.10991e-05
54.85, 499.889, 29.474, -0.214737, -0.202099, 0, -6.39892e-05
54.9, 499.889, 29.474, -0.214737, -0.202102, 0, -5.75902e-05
54.95, 499.889, 29.474, -0.214737, -0.202105, 0, -5.18312e-05
55, 499.889, 29.474, -0.214737, -0.202107, 0, -4.66481e-05
55.05, 499.889, 29.474, -0.214737, -0.202109, 0, -4.19833e-05
55.1, 499.889, 29.474, -0.214737, -0.202111, 0, -3.7785e-05
55.15, 499.889, 29.474, -0.214737, -0.202113, 0, -3.40065e-05
55.2, 499.889, 29.474, -0.214737, -0.202114, 0, -3.06058e-05
55.25, 499.889, 29.474, -0.214737, -0.202116, 0, -2.75452e-05
55.3, 499.889, 29.474, -0.214737, -0.202117, 0, -2.47907e-05
55.35, 499.889, 29.474, -0.214737, -0.202118, 0, -2.23116e-05
55.4, 499.889, 29.474, -0.214737, -0.202119, 0, -2.00805e-05
55.45, 499.889, 29.474, -0.214737, -0.20212, 0, -1.80724e-05
55.5, 499.889, 29.474, -0.214737, -0.202121, 0, -1.62652e-05
55.55, 499.889, 29.474, -0.214737, -0.202121, 0, -1.46387e-05
55.6, 499.889, 29.474, -0.214737, -0.202122, 0, -1.31748e-05
55.65, 499.889, 29.474, -0.214737, -0.202123, 0, -1.18573e-05
55.7, 499.889, 29.474, -0.214737, -0.202123, 0, -1.06716e-05
55.75, 499.889, 29.474, -0.214737, -0.202124, 0, -9.60443e-06
55.8, 499.889, 29.474, -0.214737, -0.202124, 0, -8.64399e-06
55.85, 499.889, 29.474, -0.214737, -0.202124, 0, -7.77959e-06
55.9, 499.889, 29.474, -0.214737, -0.202125, 0, -7.00163e-06
55.95, 499.889, 29.474, -0.214737, -0.202125, 0, -6.30147e-06
56, 499.889, 29.474, -0.214737, -0.202125, 0, -5.67132e-06
56.05, 499.889, 29.474, -0.214737, -0.202126, 0, -5.10419e-06
56.1, 499.889, 29.474, -0.214737, -0.202126, 0, -4.59377e-06
56.15, 499.889, 29.474, -0.214737, -0.202126, 0, -4.13439e-06
56.2, 499.889, 29.474, -0.214737, -0.202126, 0, -3.72095e-06
56.25, 499.889, 29.474, -0.214737, -0.202126, 0, -3.34886e-06
56.3, 499.889, 29.474, -0.214737, -0.202127, 0, -3.01397e-06
56.35, 499.889, 29.474, -0.214737, -0.202127, 0, -2.71257e-06
56.4, 499.889, 29.474, -0.214737, -0.202127, 0, -2.44132e-06
56.45, 499.889, 29.474, -0.214737, -0.202127, 0, -2.19719e-06
56.5, 499.889, 29.474, -0.214737, -0.202127, 0, -1.97747e-06
56.55, 499.889, 29.474, -0.214737, -0.202127, 0, -1.77972e-06
56.6, 499.889, 29.474, -0.214737, -0.202127, 0, -1.60175e-06
56.65, 499.889, 29.474, -0.214737, -0.202127, 0, -1.44157e-06
56.7, 499.889, 29.474, -0.214737, -0.202127, 0, -1.29742e-06
56.75, 499.889, 29.474, -0.214737, -0.202127, 0, -1.16767e-06
56.8, 499.889, 29.474, -0.214737, -0.202127, 0, -1.05091e-06
56.85, 499.889, 29.474, -0.214737, -0.202128, 0, -9.45816e-07
56.9, 499.889, 29.474, -0.214737, -0.202128, 0, -8.51235e-07
56.95, 499.889, 29.474, -0.214737, -0.202128, 0, -7.66111e-07
57, 499.889, 29.474, -0.214737, -0.202128, 0, -6.895e-07
57.05, 499.889, 29.474, -0.214737, -0.202128, 0, -6.2055e-07
57.1, 499.889, 29.474, -0.214737, -0.202128, 0, -5.58495e-07
57.15, 499.889, 29.474, -0.214737, -0.202128, 0, -5.02646e-07
57.2, 499.889, 29.474, -0.214737, -0.202128, 0, -4.52381e-07
57.25, 499.889, 29.474, -0.214737, -0.202128, 0, -4.07143e-07
57.3, 499.889, 29.474, -0.214737, -0.202128, 0, -3.66429e-07
57.35, 499.889, 29.474, -0.214737, -0.202128, 0, -3.29786e-07
57.4, 499.889, 29.474, -0.214737, -0.202128, 0, -2.96807e-07
57.45, 499.889, 29.474, -0.214737, -0.202128, 0, -2.67126e-07
57.5, 499.889, 29.474, -0.214737, -0.202128, 0, -2.40414e-07
57.55, 499.889, 29.474, -0.214737, -0.202128, 0, -2.16372e-07
57.6, 499.889, 29.474, -0.214737, -0.202128, 0, -1.94735e-07
57.65, 499.889, 29.474, -0.214737, -0.202128, 0, -1.75262e-07
57.7, 499.889, 29.474, -0.214737, -0.202128, 0, -1.57736e-07
57.75, 499.889, 29.474, -0.214737, -0.202128, 0, -1.41962e-07
57.8, 499.889, 29.474, -0.214737, -0.202128, 0, -1.27766e-07
57.85, 499.889, 29.474, -0.214737, -0.202128, 0, -1.14989e-07
57.9, 499.889, 29.474, -0.214737, -0.202128, 0, -1.0349e-07
57.95, 499.889, 29.474, -0.214737, -0.202128, 0, -9.31412e-08
58, 499.889, 29.474, -0.214737, -0.202128, 0, -8.38271e-08
58.05, 499.889, 29.474, -0.214737, -0.202128, 0, -7.54444e-08
58.1, 499.889, 29.474, -0.214737, -0.202128, 0, -6.79e-08
58.15, 499.889, 29.474, -0.214737, -0.202128, 0, -6.111e-08
58.2, 499.889, 29.474, -0.214737, -0.202128, 0, -5.4999e-08
58.25, 499.889, 29.474, -0.214737, -0.202128, 0, -4.94991e-08
58.3, 499.889, 29.474, -0.214737, -0.202128, 0, -4.45492e-08
58.35, 499.889, 29.474, -0.214737, -0.202128, 0, -4.00942e-08
58.4, 499.889, 29.474, -0.214737, -0.202128, 0, -3.60848e-08
58.45, 499.889, 29.474, -0.214737, -0.202128, 0, -3.24763e-08
58.5, 499.889, 29.474, -0.214737, -0.202128, 0, -2.92287e-08
58.55, 499.889, 29.474, -0.214737, -0.202128, 0, -2.63058e-08
58.6, 499.889, 29.474, -0.214737, -0.202128, 0, -2.36753e-08
58.65, 499.889, 29.474, -0.214737, -0.202128, 0, -2.13077e-08
58.7, 499.889, 29.474, -0.214737, -0.202128, 0, -1.9177e-08
58.75, 499.889, 29.474, -0.214737, -0.202128, 0, -1.72593e-08
58.8, 499.889, 29.474, -0.214737, -0.202128, 0, -1.55333e-08
58.85, 499.889, 29.474, -0.214737, -0.202128, 0, -1.398e-08
58.9, 499.889, 29.474, -0.214737, -0.202128, 0, -1.2582e-08
58.95, 499.889, 29.474, -0.214737, -0.202128, 0, -1.13238e-08
59, 499.889, 29.474, -0.214737, -0.202128, 0, -1.01914e-08
59.05, 499.889, 29.474, -0.214737, -0.202128, 0, -9.17228e-09
59.1, 499.889, 29.474, -0.214737, -0.202128, 0, -8.25505e-09
59.15, 499.889, 29.474, -0.214737, -0.202128, 0, -7.42955e-09
59.2, 499.889, 29.474, -0.214737, -0.202128, 0, -6.68659e-09
59.25, 499.889, 29.474, -0.214737, -0.202128, 0, -6.01793e-09
59.3, 499.889, 29.474, -0.214737, -0.202128, 0, -5.41614e-09
59.35, 499.889, 29.474, -0.214737, -0.202128, 0, -4.87452e-09
59.4, 499.889, 29.474, -0.214737, -0.202128, 0, -4.38707e-09
59.45, 499.889, 29.474, -0.214737, -0.202128, 0, -3.94836e-09
59.5, 499.889, 29.474, -0.214737, -0.202128, 0, -3.55353e-09
59.55, 499.889, 29.474, -0.214737, -0.202128, 0, -3.19818e-09
59.6, 499.889, 29.474, -0.214737, -0.202128, 0, -2.87836e-09
59.65, 499.889, 29.474, -0.214737, -0.202128, 0, -2.59052e-09
59.7, 499.889, 29.474, -0.214737, -0.202128, 0, -2.33147e-09
59.75, 499.889, 29.474, -0.214737, -0.202128, 0, -2.09832e-09
59.8, 499.889, 29.474, -0.214737, -0.202128, 0, -1.88849e-09
59.85, 499.889, 29.474, -0.214737, -0.202128, 0, -1.69964e-09
59.9, 499.889, 29.474, -0.214737, -0.202128, 0, -1.52968e-09
59.95, 499.889, 29.474, -0.214737, -0.202128, 0, -1.37671e-09
60, 499.889, 29.474, -0.214737, -0.202128, 0, -1.23904e-09
60.05, 499.889, 29.474, -0.214737, -0.202128, 0, -1.11513e-09
60.1, 499.889, 29.474, -0.214737, -0.202128, 0, -1.00362e-09
60.15, 499.889, 29.474, -0.214737, -0.202128, 0, -9.03259e-10
60.2, 499.889, 29.474, -0.214737, -0.202128, 0, -8.12933e-10
60.25, 499.889, 29.474, -0.214737, -0.202128, 0, -7.3164e-10
60.3, 499.889, 29.474, -0.214737, -0.202128, 0, -6.58476e-10
60.35, 499.889, 29.474, -0.214737, -0.202128, 0, -5.92628e-10
60.4, 499.889, 29.474, -0.214737, -0.202128, 0, -5.33366e-10
60.45, 499.889, 29.474, -0.214737, -0.202128, 0, -4.80029e-10
60.5, 499.889, 29.474, -0.214737, -0.202128, 0, -4.32026e-10
60.55, 499.889, 29.474, -0.214737, -0.202128, 0, -3.88824e-10
60.6, 499.889, 29.474, -0.214737, -0.202128, 0, -3.49941e-10
60.65, 499.889, 29.474, -0.214737, -0.202128, 0, -3.14947e-10
60.7, 499.889, 29.474, -0.214737, -0.202128, 0, -2.83452e-10
60.75, 499.889, 29.474, -0.214737, -0.202128, 0, -2.55107e-10
60.8, 499.889, 29.474, -0.214737, -0.202128, 0, -2.29596e-10
60.85, 499.889, 29.474, -0.214737, -0.202128, 0, -2.06637e-10
60.9, 499.889, 29.474, -0.214737, -0.202128, 0, -1.85973e-10
60.95, 499.889, 29.474, -0.214737, -0.202128, 0, -1.67376e-10
61, 499.889, 29.474, -0.214737, -0.202128, 0, -1.50638e-10
61.05, 499.889, 29.474, -0.214737, -0.202128, 0, -1.35574e-10
61.1, 499.889, 29.474, -0.214737, -0.202128, 0, -1.22017e-10
61.15, 499.889, 29.474, -0.214737, -0.202128, 0, -1.09815e-10
61.2, 499.889, 29.474, -0.214737, -0.202128, 0, -9.88337e-11
61.25, 499.889, 29.474, -0.214737, -0.202128, 0, -8.89503e-11
61.3, 499.889, 29.474, -0.214737, -0.202128, 0, -8.00553e-11
61.35, 499.889, 29.474, -0.214737, -0.202128, 0, -7.20498e-11
61.4, 499.889, 29.474, -0.214737, -0.202128, 0, -6.48448e-11
61.45, 499.889, 29.474, -0.214737, -0.202128, 0, -5.83603e-11
61.5, 499.889, 29.474, -0.214737, -0.202128, 0, -5.25243e-11
61.55, 499.889, 29.474, -0.214737, -0.202128, 0, -4.72719e-11
61.6, 499.889, 29.474, -0.214737, -0.202128, 0, -4.25447e-11
61.65, 499.889, 29.474, -0.214737, -0.202128, 0, -3.82902e-11
61.7, 499.889, 29.474, -0.214737, -0.202128, 0, -3.44612e-11
61.75, 499.889, 29.474, -0.214737, -0.202128, 0, -3.1015e-11
61.8, 499.889, 29.474, -0.214737, -0.202128, 0, -2.79135e-11
61.85, 499.889, 29.474, -0.214737, -0.202128, 0, -2.51222e-11
61.9, 499.889, 29.474, -0.214737, -0.202128, 0, -2.261e-11
61.95, 499.889, 29.474, -0.214737, -0.202128, 0, -2.0349e-11
62, 499.889, 29.474, -0.214737, -0.202128, 0, -1.83141e-11
62.05, 499.889, 29.474, -0.214737, -0.202128, 0, -1.64826e-11
62.1, 499.889, 29.474, -0.214737, -0.202128, 0, -1.48344e-11
62.15, 499.889, 29.474, -0.214737, -0.202128, 0, -1.3351e-11
62.2, 499.889, 29.474, -0.214737, -0.202128, 0, -1.20159e-11
62.25, 499.889, 29.474, -0.214737, -0.202128, 0, -1.08143e-11
62.3, 499.889, 29.474, -0.214737, -0.202128, 0, -9.73288e-12
62.35, 499.889, 29.474, -0.214737, -0.202128, 0, -8.7596e-12
62.4, 499.889, 29.474, -0.214737, -0.202128, 0, -7.88364e-12
62.45, 499.889, 29.474, -0.214737, -0.202128, 0, -7.09527e-12
62.5, 499.889, 29.474, -0.214737, -0.202128, 0, -6.38573e-12
62.55, 499.889, 29.474, -0.214737, -0.202128, 0, -5.74712e-12
62.6, 499.889, 29.474, -0.214737, -0.202128, 0, -5.17242e-12
62.65, 499.889, 29.474, -0.214737, -0.202128, 0, -4.65517e-12
62.7, 499.889, 29.474, -0.214737, -0.202128, 0, -4.18965e-12
62.75, 499.889, 29.474, -0.214737, -0.202128, 0, -3.77071e-12
62.8, 499.889, 29.474, -0.214737, -0.202128, 0, -3.39362e-12
62.85, 499.889, 29.474, -0.214737, -0.202128, 0, -3.05428e-12
62.9, 499.889, 29.474, -0.214737, -0.202128, 0, -2.74886e-12
62.95, 499.889, 29.474, -0.214737, -0.202128, 0, -2.47397e-12
63, 499.889, 29.474, -0.214737, -0.202128, 0, -2.22655e-12
63.05, 499.889, 29.474, -0.214737, -0.202128, 0, -2.0039e-12
63.1, 499.889, 29.474, -0.214737, -0.202128, 0, -1.8035e-12
63.15, 499.889, 29.474, -0.214737, -0.202128, 0, -1.62315e-12
63.2, 499.889, 29.474, -0.214737, -0.202128, 0, -1.46083e-12
63.25, 499.889, 29.474, -0.214737, -0.202128, 0, -1.31473e-12
63.3, 499.889, 29.474, -0.214737, -0.202128, 0, -1.18328e-12
63.35, 499.889, 29.474, -0.214737, -0.202128, 0, -1.06493e-12
63.4, 499.889, 29.474, -0.214737, -0.202128, 0, -9.58456e-13
63.45, 499.889, 29.474, -0.214737, -0.202128, 0, -8.62588e-13
63.5, 499.889, 29.474, -0.214737, -0.202128, 0, -7.76323e-13
63.55, 499.889, 29.474, -0.214737, -0.202128, 0, -6.98719e-13
63.6, 499.889, 29.474, -0.214737, -0.202128, 0, -6.2883e-13
63.65, 499.889, 29.474, -0.214737, -0.202128, 0, -5.65936e-13
63.7, 499.889, 29.474, -0.214737, -0.202128, 0, -5.09315e-13
63.75, 499.889, 29.474, -0.214737, -0.202128, 0, -4.58356e-13
63.8, 499.889, 29.474, -0.214737, -0.202128, 0, -4.12503e-13
63.85, 499.889, 29.474, -0.214737, -0.202128, 0, -3.71259e-13
63.9, 499.889, 29.474, -0.214737, -0.202128, 0, -3.34122e-13
63.95, 499.889, 29.474, -0.214737, -0.202128, 0, -3.00704e-13
64, 499.889, 29.474, -0.214737, -0.202128, 0, -2.70617e-13
64.05, 499.889, 29.474, -0.214737, -0.202128, 0, -2.43527e-13
64.1, 499.889, 29.474, -0.214737, -0.202128, 0, -2.19158e-13
64.15, 499.889, 29.474, -0.214737, -0.202128, 0, -1.97231e-13
64.2, 499.889, 29.474, -0.214737, -0.202128, 0, -1.77525e-13
64.25, 499.889, 29.474, -0.214737, -0.202128, 0, -1.59761e-13
64.3, 499.889, 29.474, -0.214737, -0.202128, 0, -1.43774e-13
64.35, 499.889, 29.474, -0.214737, -0.202128, 0, -1.29396e-13
64.4, 499.889, 29.474, -0.214737, -0.202128, 0, -1.16462e-13
64.45, 499.889, 29.474, -0.214737, -0.202128, 0, -1.04805e-13
64.5, 499.889, 29.474, -0.214737, -0.202128, 0, -9.43134e-14
64.55, 499.889, 29.474, -0.214737, -0.202128, 0, -8.48766e-14
64.6, 499.889, 29.474, -0.214737, -0.202128, 0, -7.63833e-14
64.65, 499.889, 29.474, -0.214737, -0.202128, 0, -6.87228e-14
64.7, 499.889, 29.474, -0.214737, -0.202128, 0, -6.18394e-14
64.75, 499.889, 29.474, -0.214737, -0.202128, 0, -5.56777e-14
64.8, 499.889, 29.474, -0.214737, -0.202128, 0, -5.01266e-14
64.85, 499.889, 29.474, -0.214737, -0.202128, 0, -4.51306e-14
64.9, 499.889, 29.474, -0.214737, -0.202128, 0, -4.06342e-14
64.95, 499.889, 29.474, -0.214737, -0.202128, 0, -3.65818e-14
65, 499.889, 29.474, -0.214737, -0.202128, 0, -3.29181e-14
65.05, 499.889, 29.474, -0.214737, -0.202128, 0, -2.9643e-14
65.1, 499.889, 29.474, -0.214737, -0.202128, 0, -2.67009e-14
65.15, 499.889, 29.474, -0.214737, -0.202128, 0, -2.40363e-14
65.2, 499.889, 29.474, -0.214737, -0.202128, 0, -2.16493e-14
65.25, 499.889, 29.474, -0.214737, -0.202128, 0, -1.94844e-14
65.3, 499.889, 29.474, -0.214737, -0.202128, 0, -1.75415e-14
65.35, 499.889, 29.474, -0.214737, -0.202128, 0, -1.57652e-14
65.4, 499.889, 29.474, -0.214737, -0.202128, 0, -1.42109e-14
65.45, 499.889, 29.474, -0.214737, -0.202128, 0, -1.27676e-14
65.5, 499.889, 29.474, -0.214737, -0.202128, 0, -1.14908e-14
65.55, 499.889, 29.474, -0.214737, -0.202128, 0, -1.03251e-14
65.6, 499.889, 29.474, -0.214737, -0.202128, 0, -9.27036e-15
65.65, 499.889, 29.474, -0.214737, -0.202128, 0, -8.32667e-15
65.7, 499.889, 29.474, -0.214737, -0.202128, 0, -7.49401e-15
65.75, 499.889, 29.474, -0.214737, -0.202128, 0, -6.71685e-15
65.8, 499.889, 29.474, -0.214737, -0.202128, 0, -6.05072e-15
65.85, 499.889, 29.474, -0.214737, -0.202128, 0, -5.44009e-15
65.9, 499.889, 29.474, -0.214737, -0.202128, 0, -4.88498e-15
65.95, 499.889, 29.474, -0.214737, -0.202128, 0, -4.38538e-15
66, 499.889, 29.474, -0.214737, -0.202128, 0, -3.94129e-15
66.05, 499.889, 29.474, -0.214737, -0.202128, 0, -3.55271e-15
66.1, 499.889, 29.474, -0.214737, -0.202128, 0, -3.21965e-15
66.15, 499.889, 29.474, -0.214737, -0.202128, 0, -2.88658e-15
66.2, 499.889, 29.474, -0.214737, -0.202128, 0, -2.60902e-15
66.25, 499.889, 29.474, -0.214737, -0.202128, 0, -2.33147e-15
66.3, 499.889, 29.474, -0.214737, -0.202128, 0, -2.10942e-15
66.35, 499.889, 29.474, -0.214737, -0.202128, 0, -1.88738e-15
66.4, 499.889, 29.474, -0.214737, -0.202128, 0, -1.72085e-15
66.45, 499.889, 29.474, -0.214737, -0.202128, 0, -1.55431e-15
66.5, 499.889, 29.474, -0.214737, -0.202128, 0, -1.38778e-15
66.55, 499.889, 29.474, -0.214737, -0.202128, 0, -1.27676e-15
66.6, 499.889, 29.474, -0.214737, -0.202128, 0, -1.16573e-15
66.65, 499.889, 29.474, -0.214737, -0.202128, 0, -1.05471e-15
66.7, 499.889, 29.474, -0.214737, -0.202128, 0, -9.4369e-16
66.75, 499.889, 29.474, -0.214737, -0.202128, 0, -8.32667e-16
66.8, 499.889, 29.474, -0.214737, -0.202128, 0, -7.21645e-16
66.85, 499.889, 29.474, -0.214737, -0.202128, 0, -6.66134e-16
66.9, 499.889, 29.474, -0.214737, -0.202128, 0, -6.10623e-16
66.95, 499.889, 29.474, -0.214737, -0.202128, 0, -5.55112e-16
67, 499.889, 29.474, -0.214737, -0.202128, 0, -4.996e-16
67.05, 499.889, 29.474, -0.214737, -0.202128, 0, -4.44089e-16
67.1, 499.889, 29.474, -0.214737, -0.202128, 0, -3.88578e-16
67.15, 499.889, 29.474, -0.214737, -0.202128, 0, -3.33067e-16
67.2, 499.889, 29.474, -0.214737, -0.202128, 0, -2.77556e-16
67.25, 499.889, 29.474, -0.214737, -0.202128, 0, -2.77556e-16
67.3, 499.889, 29.474, -0.214737, -0.202128, 0, -2.77556e-16
67.35, 499.889, 29.474, -0.214737, -0.202128, 0, -2.77556e-16
67.4, 499.889, 29.474, -0.214737, -0.202128, 0, -2.77556e-16
67.45, 499.889, 29.474, -0.214737, -0.202128, 0, -2.77556e-16
67.5, 499.889, 29.474, -0.214737, -0.202128, 0, -2.77556e-16
67.55, 499.889, 29.474, -0.214737, -0.202128, 0, -2.77556e-16
67.6, 499.889, 29.474, -0.214737, -0.202128, 0, -2.77556e-16
67.65, 499.889, 29.474, -0.214737, -0.202128, 0, -2.77556e-16
67.7, 499.889, 29.474, -0.214737, -0.202128, 0, -2.77556e-16
67.75, 499.889, 29.474, -0.214737, -0.202128, 0, -2.77556e-16
67.8, 499.889, 29.474, -0.214737, -0.202128, 0, -2.77556e-16
67.85, 499.889, 29.474, -0.214737, -0.202128, 0, -2.77556e-16
67.9, 499.889, 29.474, -0.214737, -0.202128, 0, -2.77556e-16
67.95, 499.889, 29.474, -0.214737, -0.202128, 0, -2.77556e-16
68, 499.889, 29.474, -0.214737, -0.202128, 0, -2.77556e-16
68.05, 499.889, 29.474, -0.214737, -0.202128, 0, -2.77556e-16
68.1, 499.889, 29.474, -0.214737, -0.202128, 0, -2.77556e-16
68.15, 499.889, 29.474, -0.214737, -0.202128, 0, -2.77556e-16
68.2, 499.889, 29.474, -0.214737, -0.202128, 0, -2.77556e-16
68.25, 499.889, 29.474, -0.214737, -0.202128, 0, -2.77556e-16
68.3, 499.889, 29.474, -0.214737, -0.202128, 0, -2.77556e-16
68.35, 499.889, 29.474, -0.214737, -0.202128, 0, -2.77556e-16
68.4, 499.889, 29.474, -0.214737, -0.202128, 0, -2.77556e-16
68.45, 499.889, 29.474, -0.214737, -0.202128, 0, -2.77556e-16
68.5, 499.889, 29.474, -0.214737, -0.202128, 0, -2.77556e-16
68.55, 499.889, 29.474, -0.214737, -0.202128, 0, -2.77556e-16
68.6, 499.889, 29.474, -0.214737, -0.202128, 0, -2.77556e-16
68.65, 499.889, 29.474, -0.214737, -0.202128, 0, -2.77556e-16
68.7, 499.889, 29.474, -0.214737, -0.202128, 0, -2.77556e-16
68.75, 499.889, 29.474, -0.214737, -0.202128, 0, -2.77556e-16
68.8, 499.889, 29.474, -0.214737, -0.202128, 0, -2.77556e-16
68.85, 499.889, 29.474, -0.214737, -0.202128, 0, -2.77556e-16
68.9, 499.889, 29.474, -0.214737, -0.202128, 0, -2.77556e-16
68.95, 499.889, 29.474, -0.214737, -0.202128, 0, -2.77556e-16
69, 499.889, 29.474, -0.214737, -0.202128, 0, -2.77556e-16
69.05, 499.889, 29.474, -0.214737, -0.202128, 0, -2.77556e-16
69.1, 499.889, 29.474, -0.214737, -0.202128, 0, -2.77556e-16
69.15, 499.889, 29.474, -0.214737, -0.202128, 0, -2.77556e-16
69.2, 499.889, 29.474, -0.214737, -0.202128, 0, -2.77556e-16
69.25, 499.889, 29.474, -0.214737, -0.202128, 0, -2.77556e-16
69.3, 499.889, 29.474, -0.214737, -0.202128, 0, -2.77556e-16
69.35, 499.889, 29.474, -0.214737, -0.202128, 0, -2.77556e-16
69.4, 499.889, 29.474, -0.214737, -0.202128, 0, -2.77556e-16
69.45, 499.889, 29.474, -0.214737, -0.202128, 0, -2.77556e-16
69.5, 499.889, 29.474, -0.214737, -0.202128, 0, -2.77556e-16
69.55, 499.889, 29.474, -0.214737, -0.202128, 0, -2.77556e-16
69.6, 499.889, 29.474, -0.214737, -0.202128, 0, -2.77556e-16
69.65, 499.889, 29.474, -0.214737, -0.202128, 0, -2.77556e-16
69.7, 499.889, 29.474, -0.214737, -0.202128, 0, -2.77556e-16
69.75, 499.889, 29.474, -0.214737, -0.202128, 0, -2.77556e-16
69.8, 499.889, 29.474, -0.214737, -0.202128, 0, -2.77556e-16
69.85, 499.889, 29.474, -0.214737, -0.202128, 0, -2.77556e-16
69.9, 499.889, 29.474, -0.214737, -0.202128, 0, -2.77556e-16
69.95, 499.889, 29.474, -0.214737, -0.202128, 0, -2.77556e-16
70, 499.889, 29.474, -0.214737, -0.202128, 0, -2.77556e-16
70.05, 499.889, 29.474, -0.214737, -0.202128, 0, -2.77556e-16
70.1, 499.889, 29.474, -0.214737, -0.202128, 0, -2.77556e-16
70.15, 499.889, 29.474, -0.214737, -0.202128, 0, -2.77556e-16
70.2, 499.889, 29.474, -0.214737, -0.202128, 0, -2.77556e-16
70.25, 499.889, 29.474, -0.214737, -0.202128, 0, -2.77556e-16
70.3, 499.889, 29.474, -0.214737, -0.202128, 0, -2.77556e-16
70.35, 499.889, 29.474, -0.214737, -0.202128, 0, -2.77556e-16
70.4, 499.889, 29.474, -0.214737, -0.202128, 0, -2.77556e-16
70.45, 499.889, 29.474, -0.214737, -0.202128, 0, -2.77556e-16
70.5, 499.889, 29.474, -0.214737, -0.202128, 0, -2.77556e-16
70.55, 499.889, 29.474, -0.214737, -0.202128, 0, -2.77556e-16
70.6, 499.889, 29.474, -0.214737, -0.202128, 0, -2.77556e-16
70.65, 499.889, 29.474, -0.214737, -0.202128, 0, -2.77556e-16
70.7, 499.889, 29.474, -0.214737, -0.202128, 0, -2.77556e-16
70.75, 499.889, 29.474, -0.214737, -0.202128, 0, -2.77556e-16
70.8, 499.889, 29.474, -0.214737, -0.202128, 0, -2.77556e-16
70.85, 499.889, 29.474, -0.214737, -0.202128, 0, -2.77556e-16
70.9, 499.889, 29.474, -0.214737, -0.202128, 0, -2.77556e-16
70.95, 499.889, 29.474, -0.214737, -0.202128, 0, -2.77556e-16
71, 499.889, 29.474, -0.214737, -0.202128, 0, -2.77556e-16
71.05, 499.889, 29.474, -0.214737, -0.202128, 0, -2.77556e-16
71.1, 499.889, 29.474, -0.214737, -0.202128, 0, -2.77556e-16
71.15, 499.889, 29.474, -0.214737, -0.202128, 0, -2.77556e-16
71.2, 499.889, 29.474, -0.214737, -0.202128, 0, -2.77556e-16
71.25, 499.889, 29.474, -0.214737, -0.202128, 0, -2.77556e-16
71.3, 499.889, 29.474, -0.214737, -0.202128, 0, -2.77556e-16
71.35, 499.889, 29.474, -0.214737, -0.202128, 0, -2.77556e-16
71.4, 499.889, 29.474, -0.214737, -0.202128, 0, -2.77556e-16
71.45, 499.889, 29.474, -0.214737, -0.202128, 0, -2.77556e-16
71.5, 499.889, 29.474, -0.214737, -0.202128, 0, -2.77556e-16
71.55, 499.889, 29.474, -0.214737, -0.202128, 0, -2.77556e-16
71.6, 499.889, 29.474, -0.214737, -0.202128, 0, -2.77556e-16
71.65, 499.889, 29.474, -0.214737, -0.202128, 0, -2.77556e-16
71.7, 499.889, 29.474, -0.214737, -0.202128, 0, -2.77556e-16
71.75, 499.889, 29.474, -0.214737, -0.202128, 0, -2.77556e-16
71.8, 499.889, 29.474, -0.214737, -0.202128, 0, -2.77556e-16
71.85, 499.889, 29.474, -0.214737, -0.202128, 0, -2.77556e-16
71.9, 499.889, 29.474, -0.214737, -0.202128, 0, -2.77556e-16
71.95, 499.889, 29.474, -0.214737, -0.202128, 0, -2.77556e-16
72, 499.889, 29.474, -0.214737, -0.202128, 0, -2.77556e-16
72.05, 499.889, 29.474, -0.214737, -0.202128, 0, -2.77556e-16
72.1, 499.889, 29.474, -0.214737, -0.202128, 0, -2.77556e-16
72.15, 499.889, 29.474, -0.214737, -0.202128, 0, -2.77556e-16
72.2, 499.889, 29.474, -0.214737, -0.202128, 0, -2.77556e-16
72.25, 499.889, 29.474, -0.214737, -0.202128, 0, -2.77556e-16
72.3, 499.889, 29.474, -0.214737, -0.202128, 0, -2.77556e-16
72.35, 499.889, 29.474, -0.214737, -0.202128, 0, -2.77556e-16
72.4, 499.889, 29.474, -0.214737, -0.202128, 0, -2.77556e-16
72.45, 499.889, 29.474, -0.214737, -0.202128, 0, -2.77556e-16
72.5, 499.889, 29.474, -0.214737, -0.202128, 0, -2.77556e-16
72.55, 499.889, 29.474, -0.214737, -0.202128, 0, -2.77556e-16
72.6, 499.889, 29.474, -0.214737, -0.202128, 0, -2.77556e-16
72.65, 499.889, 29.474, -0.214737, -0.202128, 0, -2.77556e-16
72.7, 499.889, 29.474, -0.214737, -0.202128, 0, -2.77556e-16
72.75, 499.889, 29.474, -0.214737, -0.202128, 0, -2.77556e-16
72.8, 499.889, 29.474, -0.214737, -0.202128, 0, -2.77556e-16
72.85, 499.889, 29.474, -0.214737, -0.202128, 0, -2.77556e-16
72.9, 499.889, 29.474, -0.214737, -0.202128, 0, -2.77556e-16
72.95, 499.889, 29.474, -0.214737, -0.202128, 0, -2.77556e-16
73, 499.889, 29.474, -0.214737, -0.202128, 0, -2.77556e-16
73.05, 499.889, 29.474, -0.214737, -0.202128, 0, -2.77556e-16
73.1, 499.889, 29.474, -0.214737, -0.202128, 0, -2.77556e-16
73.15, 499.889, 29.474, -0.214737, -0.202128, 0, -2.77556e-16
73.2, 499.889, 29.474, -0.214737, -0.202128, 0, -2.77556e-16
73.25, 499.889, 29.474, -0.214737, -0.202128, 0, -2.77556e-16
73.3, 499.889, 29.474, -0.214737, -0.202128, 0, -2.77556e-16
73.35, 499.889, 29.474, -0.214737, -0.202128, 0, -2.77556e-16
73.4, 499.889, 29.474, -0.214737, -0.202128, 0, -2.77556e-16
73.45, 499.889, 29.474, -0.214737, -0.202128, 0, -2.77556e-16
73.5, 499.889, 29.474, -0.214737, -0.202128, 0, -2.77556e-16
73.55, 499.889, 29.474, -0.214737, -0.202128, 0, -2.77556e-16
73.6, 499.889, 29.474, -0.214737, -0.202128, 0, -2.77556e-16
73.65, 499.889, 29.474, -0.214737, -0.202128, 0, -2.77556e-16
73.7, 499.889, 29.474, -0.214737, -0.202128, 0, -2.77556e-16
73.75, 499.889, 29.474, -0.214737, -0.202128, 0, -2.77556e-16
73.8, 499.889, 29.474, -0.214737, -0.202128, 0, -2.77556e-16
73.85, 499.889, 29.474, -0.214737, -0.202128, 0, -2.77556e-16
73.9, 499.889, 29.474, -0.214737, -0.202128, 0, -2.77556e-16
73.95, 499.889, 29.474, -0.214737, -0.202128, 0, -2.77556e-16
74, 499.889, 29.474, -0.214737, -0.202128, 0, -2.77556e-16
74.05, 499.889, 29.474, -0.214737, -0.202128, 0, -2.77556e-16
74.1, 499.889, 29.474, -0.214737, -0.202128, 0, -2.77556e-16
74.15, 499.889, 29.474, -0.214737, -0.202128, 0, -2.77556e-16
74.2, 499.889, 29.474, -0.214737, -0.202128, 0, -2.77556e-16
74.25, 499.889, 29.474, -0.214737, -0.202128, 0, -2.77556e-16
74.3, 499.889, 29.474, -0.214737, -0.202128, 0, -2.77556e-16
74.35, 499.889, 29.474, -0.214737, -0.202128, 0, -2.77556e-16
74.4, 499.889, 29.474, -0.214737, -0.202128, 0, -2.77556e-16
74.45, 499.889, 29.474, -0.214737, -0.202128, 0, -2.77556e-16
74.5, 499.889, 29.474, -0.214737, -0.202128, 0, -2.77556e-16
74.55, 499.889, 29.474, -0.214737, -0.202128, 0, -2.77556e-16
74.6, 499.889, 29.474, -0.214737, -0.202128, 0, -2.77556e-16
74.65, 499.889, 29.474, -0.214737, -0.202128, 0, -2.77556e-16
74.7, 499.889, 29.474, -0.214737, -0.202128, 0, -2.77556e-16
74.75, 499.889, 29.474, -0.214737, -0.202128, 0, -2.77556e-16
74.8, 499.889, 29.474, -0.214737, -0.202128, 0, -2.77556e-16
74.85, 499.889, 29.474, -0.214737, -0.202128, 0, -2.77556e-16
74.9, 499.889, 29.474, -0.214737, -0.202128, 0, -2.77556e-16
74.95, 499.889, 29.474, -0.214737, -0.202128, 0, -2.77556e-16
75, 499.889, 29.474, -0.214737, -0.202128, 0, -2.77556e-16
75.05, 499.889, 29.474, -0.214737, -0.202128, 0, -2.77556e-16
75.1, 499.889, 29.474, -0.214737, -0.202128, 0, -2.77556e-16
75.15, 499.889, 29.474, -0.214737, -0.202128, 0, -2.77556e-16
75.2, 499.889, 29.474, -0.214737, -0.202128, 0, -2.77556e-16
75.25, 499.889, 29.474, -0.214737, -0.202128, 0, -2.77556e-16
75.3, 499.889, 29.474, -0.214737, -0.202128, 0, -2.77556e-16
75.35, 499.889, 29.474, -0.214737, -0.202128, 0, -2.77556e-16
75.4, 499.889, 29.474, -0.214737, -0.202128, 0, -2.77556e-16
75.45, 499.889, 29.474, -0.214737, -0.202128, 0, -2.77556e-16
75.5, 499.889, 29.474, -0.214737, -0.202128, 0, -2.77556e-16
75.55, 499.889, 29.474, -0.214737, -0.202128, 0, -2.77556e-16
75.6, 499.889, 29.474, -0.214737, -0.202128, 0, -2.77556e-16
75.65, 499.889, 29.474, -0.214737, -0.202128, 0, -2.77556e-16
75.7, 499.889, 29.474, -0.214737, -0.202128, 0, -2.77556e-16
75.75, 499.889, 29.474, -0.214737, -0.202128, 0, -2.77556e-16
75.8, 499.889, 29.474, -0.214737, -0.202128, 0, -2.77556e-16
75.85, 499.889, 29.474, -0.214737, -0.202128, 0, -2.77556e-16
75.9, 499.889, 29.474, -0.214737, -0.202128, 0, -2.77556e-16
