t,x_ref,y_ref,x,y,psi,delta,v,delta_dot
0.05, 3.88199, 0.964417, 0.0075, 0, 7.50156e-05, 0.025, 0.15, 0.5
0.1, 3.88928, 0.966203, 0.0225, 1.12523e-06, 0.000375266, 0.05, 0.3, 0.5
0.15, 3.90385, 0.969776, 0.045, 9.56872e-06, 0.00105153, 0.075, 0.45, 0.5
0.2, 3.9257, 0.975135, 0.075, 4.11147e-05, 0.00225555, 0.1, 0.6, 0.5
0.25, 3.95484, 0.982279, 0.1125, 0.000125698, 0.00414038, 0.125, 0.75, 0.5
0.3, 3.99126, 0.991205, 0.1575, 0.000312014, 0.00686081, 0.15, 0.9, 0.5
0.35, 4.03497, 1.00191, 0.209998, 0.000672204, 0.0105738, 0.175, 1.05, 0.5
0.4, 4.08596, 1.0144, 0.269995, 0.00130662, 0.0154388, 0.2, 1.2, 0.5
0.45, 4.14424, 1.02866, 0.337487, 0.0023487, 0.0216185, 0.225, 1.35, 0.5
0.5, 4.20981, 1.0447, 0.412469, 0.00396996, 0.0292787, 0.25, 1.5, 0.5
0.55, 4.28266, 1.0625, 0.494934, 0.00638511, 0.0385896, 0.275, 1.65, 0.5
0.6, 4.36281, 1.08207, 0.584867, 0.00985731, 0.0488822, 0.278477, 1.8, 0.0695316
0.65, 4.45024, 1.1034, 0.682251, 0.0146214, 0.059857, 0.27431, 1.95, -0.0833377
0.7, 4.54497, 1.12649, 0.787062, 0.0209027, 0.0713782, 0.26773, 2.1, -0.131589
0.75, 4.64699, 1.15132, 0.899276, 0.0289259, 0.0833544, 0.260108, 2.25, -0.152439
0.8, 4.75631, 1.1779, 1.01886, 0.0389169, 0.0957035, 0.251812, 2.4, -0.165928
0.85, 4.87292, 1.20621, 1.14578, 0.0511004, 0.108344, 0.24295, 2.55, -0.177234
0.9, 4.99683, 1.23625, 1.27998, 0.0656982, 0.121191, 0.233568, 2.7, -0.187648
0.95, 5.12804, 1.26801, 1.42144, 0.0829257, 0.134158, 0.223696, 2.85, -0.197444
1, 5.26656, 1.30147, 1.57009, 0.102989, 0.147158, 0.213365, 3, -0.206615
1.05, 5.41238, 1.33663, 1.72589, 0.126083, 0.1601, 0.202611, 3.15, -0.215081
1.1, 5.56551, 1.37348, 1.88878, 0.152387, 0.172894, 0.191474, 3.3, -0.222742
1.15, 5.72595, 1.41201, 2.05871, 0.182063, 0.18545, 0.179999, 3.45, -0.229497
1.2, 5.8937, 1.45219, 2.23562, 0.215253, 0.197679, 0.168236, 3.6, -0.235247
1.25, 6.06877, 1.49402, 2.41947, 0.252077, 0.209493, 0.156242, 3.75, -0.239895
1.3, 6.25117, 1.53747, 2.61021, 0.29263, 0.220809, 0.144075, 3.9, -0.243338
1.35, 6.44089, 1.58253, 2.80779, 0.336981, 0.231548, 0.131801, 4.05, -0.245479
1.4, 6.63794, 1.62918, 3.01218, 0.385173, 0.241633, 0.119489, 4.2, -0.246239
1.45, 6.84233, 1.67741, 3.22337, 0.437218, 0.250996, 0.10721, 4.35, -0.245569
1.5, 7.05406, 1.72718, 3.44132, 0.493101, 0.259575, 0.0950384, 4.5, -0.243441
1.55, 7.27314, 1.77847, 3.66603, 0.552777, 0.267316, 0.083047, 4.65, -0.239828
1.6, 7.49956, 1.83126, 3.8975, 0.616171, 0.274174, 0.0713116, 4.8, -0.23471
1.65, 7.73335, 1.88552, 4.13576, 0.683182, 0.280112, 0.0599063, 4.95, -0.228105
1.7, 7.9745, 1.94122, 4.38082, 0.75368, 0.285104, 0.0489021, 5.1, -0.220083
1.75, 8.22303, 1.99832, 4.63272, 0.82751, 0.289134, 0.0383659, 5.25, -0.210723
1.8, 8.47893, 2.0568, 4.89152, 0.904493, 0.292198, 0.0283609, 5.4, -0.2001
1.85, 8.74222, 2.11662, 5.15725, 0.984429, 0.294301, 0.0189447, 5.55, -0.188325
1.9, 9.01291, 2.17773, 5.43, 1.0671, 0.29546, 0.0101658, 5.7, -0.175577
1.95, 9.291, 2.2401, 5.70983, 1.15227, 0.295701, 0.00206463, 5.85, -0.162024
2, 9.5765, 2.30368, 5.9968, 1.23969, 0.295062, -0.00532493, 6, -0.147791
2.05, 9.86943, 2.36843, 6.29102, 1.32911, 0.293589, -0.011978, 6.15, -0.133062
2.1, 10.1698, 2.4343, 6.59254, 1.42027, 0.291336, -0.0178817, 6.3, -0.118074
2.15, 10.4776, 2.50122, 6.90145, 1.5129, 0.288364, -0.0230328, 6.45, -0.103021
2.2, 10.7929, 2.56916, 7.21782, 1.60675, 0.284741, -0.027437, 6.6, -0.0880851
2.25, 11.1156, 2.63803, 7.54173, 1.70156, 0.28054, -0.0311105, 6.75, -0.0734691
2.3, 11.4458, 2.70779, 7.87325, 1.79708, 0.275836, -0.0340777, 6.9, -0.0593439
2.35, 11.7835, 2.77838, 8.21242, 1.89308, 0.270705, -0.0363701, 7.05, -0.0458495
2.4, 12.1287, 2.84971, 8.55931, 1.98935, 0.265226, -0.0380283, 7.2, -0.0331623
2.45, 12.4814, 2.92173, 8.91396, 2.08568, 0.259476, -0.0391011, 7.35, -0.0214578
2.5, 12.8417, 2.99433, 9.27641, 2.1819, 0.253526, -0.0396445, 7.5, -0.0108666
2.55, 13.2095, 3.06746, 9.64668, 2.27784, 0.247447, -0.0397136, 7.65, -0.00138274
2.6, 13.5849, 3.14103, 10.0248, 2.37336, 0.241302, -0.0393696, 7.8, 0.00688063
2.65, 13.9678, 3.21493, 10.4108, 2.46835, 0.235149, -0.038678, 7.95, 0.0138322
2.7, 14.3583, 3.28908, 10.8046, 2.56271, 0.229038, -0.0377012, 8.1, 0.0195361
2.75, 14.7564, 3.36339, 11.2064, 2.65636, 0.223012, -0.0365043, 8.25, 0.0239369
2.8, 15.1622, 3.43775, 11.616, 2.74925, 0.217105, -0.0351481, 8.4, 0.027125
2.85, 15.5756, 3.51205, 12.0334, 2.84134, 0.211342, -0.0336899, 8.55, 0.0291638
2.9, 15.9966, 3.58619, 12.4588, 2.93259, 0.20574, -0.0321868, 8.7, 0.0300608
2.95, 16.4253, 3.66004, 12.8919, 3.02299, 0.200306, -0.0306882, 8.85, 0.0299719
3, 16.8616, 3.73348, 13.3329, 3.11252, 0.195041, -0.02924, 9, 0.0289641
3.05, 17.3057, 3.8064, 13.7817, 3.20119, 0.189938, -0.0278784, 9.15, 0.0272325
3.1, 17.7574, 3.87865, 14.2384, 3.28898, 0.184983, -0.0266374, 9.3, 0.0248204
3.15, 18.2169, 3.95011, 14.7028, 3.37589, 0.180154, -0.0255423, 9.45, 0.0219027
3.2, 18.6841, 4.02064, 15.1751, 3.4619, 0.175428, -0.0246083, 9.6, 0.0186782
3.25, 19.1591, 4.09008, 15.6551, 3.54698, 0.170777, -0.0238494, 9.75, 0.0151792
3.3, 19.6418, 4.15829, 16.1429, 3.6311, 0.166168, -0.0232735, 9.9, 0.0115182
3.35, 20.1322, 4.22512, 16.6384, 3.71422, 0.161568, -0.0228787, 10.05, 0.00789521
3.4, 20.6305, 4.29042, 17.1418, 3.79626, 0.156945, -0.0226574, 10.2, 0.00442665
3.45, 21.1365, 4.354, 17.6529, 3.87715, 0.152266, -0.0226026, 10.35, 0.00109583
3.5, 21.6503, 4.4157, 18.1719, 3.95678, 0.147498, -0.0227018, 10.5, -0.00198462
3.55, 22.1719, 4.47537, 18.6986, 4.03504, 0.142611, -0.0229361, 10.65, -0.00468504
3.6, 22.7013, 4.53281, 19.2331, 4.11178, 0.13758, -0.0232895, 10.8, -0.00706863
3.65, 23.2385, 4.58785, 19.7754, 4.18687, 0.13238, -0.0237412, 10.95, -0.00903379
3.7, 23.7835, 4.64031, 20.3256, 4.26013, 0.126991, -0.0242699, 11.1, -0.0105739
3.75, 24.3362, 4.69, 20.8836, 4.33137, 0.121397, -0.0248574, 11.25, -0.0117512
3.8, 24.8968, 4.73672, 21.4494, 4.4004, 0.115585, -0.0254851, 11.4, -0.012552
3.85, 25.4651, 4.7803, 22.023, 4.467, 0.109547, -0.0261319, 11.55, -0.0129371
3.9, 26.0412, 4.82054, 22.6045, 4.53095, 0.103278, -0.0267827, 11.7, -0.0130152
3.95, 26.6251, 4.85723, 23.1938, 4.59204, 0.0967775, -0.0274228, 11.85, -0.0128023
4, 27.2167, 4.8902, 23.791, 4.65001, 0.0900461, -0.0280399, 12, -0.0123429
4.05, 27.816, 4.91922, 24.3961, 4.70464, 0.0830883, -0.0286251, 12.15, -0.0117034
4.1, 28.4229, 4.94412, 25.0089, 4.75568, 0.0759105, -0.0291699, 12.3, -0.0108952
4.15, 29.0376, 4.96468, 25.6297, 4.80289, 0.0685214, -0.0296664, 12.45, -0.00993117
4.2, 29.6599, 4.98074, 26.2582, 4.84603, 0.0609318, -0.0301084, 12.6, -0.00883985
4.25, 30.2898, 4.99207, 26.8945, 4.88485, 0.0531525, -0.0304977, 12.75, -0.00778596
4.3, 30.9273, 4.99851, 27.5386, 4.91911, 0.0451959, -0.0308295, 12.9, -0.00663585
4.35, 31.5723, 4.99985, 28.1904, 4.94859, 0.0370751, -0.0311044, 13.05, -0.00549801
4.4, 32.2247, 4.99591, 28.85, 4.97306, 0.0288027, -0.0313243, 13.2, -0.00439768
4.45, 32.8847, 4.98653, 29.5172, 4.99228, 0.0203927, -0.0314879, 13.35, -0.0032725
4.5, 33.552, 4.97151, 30.192, 5.00605, 0.0118581, -0.0315989, 13.5, -0.00222045
4.55, 34.2267, 4.9507, 30.8745, 5.01414, 0.00321277, -0.0316575, 13.65, -0.00117038
4.6, 34.9087, 4.92395, 31.5645, 5.01636, -0.00552901, -0.0316625, 13.8, -0.000101545
4.65, 35.5979, 4.89109, 32.262, 5.0125, -0.0143537, -0.031619, 13.95, 0.000869842
4.7, 36.2943, 4.852, 32.9669, 5.00238, -0.0232466, -0.0315247, 14.1, 0.00188673
4.75, 36.9978, 4.80653, 33.6792, 4.98582, -0.0321935, -0.0313822, 14.25, 0.00284922
4.8, 37.7084, 4.75456, 34.3988, 4.96264, -0.0411801, -0.0311935, 14.4, 0.00377439
4.85, 38.426, 4.69599, 35.1187, 4.93298, -0.0501051, -0.0309578, 14.4103, 0.00471523
4.9, 39.1436, 4.63139, 35.8387, 4.89688, -0.0589498, -0.0306667, 14.4162, 0.00582173
4.95, 39.861, 4.56084, 36.5585, 4.85439, -0.0677003, -0.030326, 14.423, 0.0068138
5, 40.5781, 4.48445, 37.2784, 4.80558, -0.0763442, -0.0299408, 14.4306, 0.00770425
5.05, 41.2949, 4.40234, 37.9983, 4.75052, -0.0848687, -0.0295101, 14.4391, 0.00861257
5.1, 42.0115, 4.3146, 38.7181, 4.68928, -0.0932627, -0.0290402, 14.4484, 0.00939826
5.15, 42.7279, 4.22134, 39.4379, 4.62196, -0.101516, -0.0285351, 14.4582, 0.0101017
5.2, 43.444, 4.1227, 40.1576, 4.54864, -0.10962, -0.027995, 14.4688, 0.0108031
5.25, 44.16, 4.01881, 40.8772, 4.46944, -0.117562, -0.0274204, 14.48, 0.0114914
5.3, 44.8757, 3.90981, 41.5968, 4.38445, -0.125336, -0.0268127, 14.4918, 0.0121548
5.35, 45.5913, 3.79582, 42.3163, 4.29379, -0.13293, -0.0261751, 14.5042, 0.0127507
5.4, 46.3067, 3.67701, 43.0358, 4.19759, -0.140338, -0.0255079, 14.5171, 0.0133459
5.45, 47.022, 3.55351, 43.7552, 4.09596, -0.14755, -0.0248125, 14.5305, 0.0139061
5.5, 47.7371, 3.42549, 44.4745, 3.98905, -0.154559, -0.0240887, 14.5445, 0.0144765
5.55, 48.4522, 3.2931, 45.1938, 3.87699, -0.161356, -0.0233381, 14.5591, 0.0150127
5.6, 49.1672, 3.15651, 45.913, 3.75992, -0.167933, -0.0225632, 14.574, 0.0154971
5.65, 49.8822, 3.0159, 46.6322, 3.63799, -0.174284, -0.0217614, 14.5895, 0.0160369
5.7, 50.5973, 2.87142, 47.3514, 3.51136, -0.180401, -0.0209371, 14.6054, 0.0164865
5.75, 51.3123, 2.72327, 48.0707, 3.38018, -0.186277, -0.0200898, 14.6217, 0.0169445
5.8, 52.0275, 2.57161, 48.7899, 3.24463, -0.191905, -0.0192215, 14.6384, 0.0173667
5.85, 52.7428, 2.41663, 49.5092, 3.10487, -0.19728, -0.0183365, 14.6554, 0.0177009
5.9, 53.4584, 2.25852, 50.2286, 2.96107, -0.202396, -0.0174317, 14.6728, 0.0180942
5.95, 54.1741, 2.09747, 50.9482, 2.81342, -0.207248, -0.0165117, 14.6905, 0.0184
6, 54.8901, 1.93366, 51.6679, 2.6621, -0.21183, -0.0155775, 14.7084, 0.0186854
6.05, 55.6065, 1.7673, 52.3877, 2.50728, -0.216139, -0.0146279, 14.7267, 0.0189914
6.1, 56.3232, 1.59858, 53.1078, 2.34917, -0.22017, -0.0136662, 14.7451, 0.0192346
6.15, 57.0404, 1.42771, 53.8282, 2.18795, -0.223918, -0.0126932, 14.7638, 0.0194595
6.2, 57.7581, 1.25488, 54.5489, 2.02383, -0.22738, -0.0117103, 14.7826, 0.019659
6.25, 58.4763, 1.08031, 55.2699, 1.85699, -0.230553, -0.010718, 14.8016, 0.0198444
6.3, 59.1951, 0.904181, 55.9913, 1.68766, -0.233434, -0.00971955, 14.8207, 0.0199696
6.35, 59.9146, 0.726731, 56.7132, 1.51602, -0.23602, -0.00871271, 14.84, 0.0201369
6.4, 60.6348, 0.548162, 57.4356, 1.34228, -0.238308, -0.00769926, 14.8594, 0.0202689
6.45, 61.3558, 0.368689, 58.1585, 1.16667, -0.240296, -0.00667986, 14.8789, 0.0203881
6.5, 62.0776, 0.188529, 58.882, 0.989383, -0.241981, -0.00565541, 14.8985, 0.020489
6.55, 62.8003, 0.00790031, 59.6062, 0.810644, -0.243362, -0.00462647, 14.9182, 0.0205787
6.6, 63.5239, -0.172977, 60.3311, 0.630666, -0.244436, -0.00359398, 14.9379, 0.0206499
6.65, 64.2486, -0.35388, 61.0568, 0.449671, -0.245201, -0.00255815, 14.9577, 0.0207165
6.7, 64.9743, -0.534584, 61.7832, 0.26788, -0.245656, -0.00151993, 14.9776, 0.0207644
6.75, 65.7011, -0.714863, 62.5106, 0.0855162, -0.2458, -0.000479514, 14.9975, 0.0208083
6.8, 66.4292, -0.89449, 63.2372, -0.0967716, -0.245631, 0.000562283, 14.9826, 0.0208359
6.85, 67.1568, -1.07282, 63.9629, -0.278696, -0.245152, 0.00160277, 14.9628, 0.0208097
6.9, 67.8837, -1.24959, 64.6877, -0.460031, -0.244363, 0.0026393, 14.943, 0.0207307
6.95, 68.6101, -1.42455, 65.4117, -0.640556, -0.243266, 0.00367483, 14.9232, 0.0207104
7, 69.3359, -1.59751, 66.1349, -0.820051, -0.241864, 0.00470431, 14.9036, 0.0205897
7.05, 70.0613, -1.76826, 66.8575, -0.998298, -0.240159, 0.00572737, 14.8841, 0.0204612
7.1, 70.7862, -1.93658, 67.5794, -1.17508, -0.238153, 0.00674782, 14.8646, 0.0204089
7.15, 71.5107, -2.10227, 68.3007, -1.35019, -0.235849, 0.00776007, 14.8453, 0.0202451
7.2, 72.2349, -2.26511, 69.0215, -1.52341, -0.233249, 0.00876813, 14.8261, 0.0201611
7.25, 72.9588, -2.42493, 69.7418, -1.69453, -0.230356, 0.00976812, 14.8071, 0.0199998
7.3, 73.6824, -2.58151, 70.4617, -1.86336, -0.227174, 0.0107596, 14.7882, 0.0198298
7.35, 74.4058, -2.73466, 71.1812, -2.02968, -0.223704, 0.0117443, 14.7694, 0.019694
7.4, 75.129, -2.8842, 71.9003, -2.1933, -0.219952, 0.0127176, 14.7509, 0.019465
7.45, 75.852, -3.02993, 72.6192, -2.35402, -0.21592, 0.0136828, 14.7325, 0.0193058
7.5, 76.5748, -3.17167, 73.3378, -2.51164, -0.211612, 0.0146377, 14.7144, 0.0190977
7.55, 77.2976, -3.30926, 74.0563, -2.66598, -0.207033, 0.0155791, 14.6965, 0.0188268
7.6, 78.0202, -3.4425, 74.7745, -2.81685, -0.202186, 0.0165078, 14.6788, 0.0185737
7.65, 78.7428, -3.57123, 75.4927, -2.96406, -0.197077, 0.0174218, 14.6614, 0.0182814
7.7, 79.4653, -3.69529, 76.2107, -3.10743, -0.19171, 0.0183215, 14.6444, 0.0179934
7.75, 80.1877, -3.81452, 76.9287, -3.24679, -0.186092, 0.0192029, 14.6276, 0.0176276
7.8, 80.9101, -3.92877, 77.6467, -3.38195, -0.180227, 0.020065, 14.6113, 0.0172434
7.85, 81.6325, -4.03788, 78.3646, -3.51277, -0.174123, 0.0209097, 14.5953, 0.0168942
7.9, 82.3548, -4.14173, 79.0826, -3.63906, -0.167785, 0.0217326, 14.5797, 0.0164574
7.95, 83.0771, -4.24017, 79.8006, -3.76067, -0.16122, 0.0225317, 14.5646, 0.0159821
8, 83.7994, -4.33307, 80.5186, -3.87745, -0.154437, 0.023307, 14.5499, 0.0155063
8.05, 84.5216, -4.42032, 81.2368, -3.98925, -0.147442, 0.0240572, 14.5358, 0.0150029
8.1, 85.2439, -4.50181, 81.955, -4.09592, -0.140243, 0.024778, 14.5222, 0.0144157
8.15, 85.966, -4.57742, 82.6733, -4.19733, -0.132851, 0.02547, 14.5092, 0.0138412
8.2, 86.6881, -4.64705, 83.3918, -4.29334, -0.125273, 0.0261322, 14.4967, 0.0132434
8.25, 87.4102, -4.71063, 84.1104, -4.38383, -0.117518, 0.0267605, 14.4849, 0.012565
8.3, 88.1321, -4.76806, 84.8291, -4.46868, -0.109598, 0.0273545, 14.4738, 0.0118806
8.35, 88.854, -4.81927, 85.5479, -4.54778, -0.101522, 0.0279123, 14.4634, 0.0111571
8.4, 89.5758, -4.8642, 86.2668, -4.62102, -0.0932998, 0.0284345, 14.4536, 0.0104427
8.45, 90.2974, -4.90278, 86.9859, -4.68831, -0.0849431, 0.0289186, 14.4446, 0.0096819
8.5, 91.0189, -4.93498, 87.7052, -4.74955, -0.0764633, 0.0293611, 14.4364, 0.00885141
8.55, 91.7403, -4.96075, 88.4245, -4.80466, -0.0678719, 0.0297623, 14.429, 0.00802326
8.6, 92.4615, -4.98007, 89.144, -4.85357, -0.0591811, 0.0301202, 14.4225, 0.0071582
8.65, 93.1825, -4.99291, 89.8635, -4.8962, -0.0504031, 0.0304344, 14.4167, 0.00628385
8.7, 93.9033, -4.99926, 90.5832, -4.93251, -0.0415507, 0.0307025, 14.4119, 0.00536116
8.75, 94.6239, -4.99911, 91.303, -4.96243, -0.0326359, 0.0309275, 14.4079, 0.00450003
8.8, 95.3443, -4.99248, 92.0228, -4.98593, -0.023672, 0.0311042, 14.4048, 0.00353421
8.85, 96.0644, -4.97939, 92.7428, -5.00298, -0.0146722, 0.0312331, 14.4027, 0.0025781
8.9, 96.7842, -4.95984, 93.4628, -5.01354, -0.00564996, 0.031314, 14.4014, 0.00161855
8.95, 97.5038, -4.93388, 94.1828, -5.01761, 0.00338151, 0.0313466, 14.4011, 0.000651069
9, 98.2232, -4.90155, 94.9029, -5.01518, 0.0124091, 0.0313318, 14.4017, -0.000296017
9.05, 98.9422, -4.8629, 95.623, -5.00624, 0.0214191, 0.0312674, 14.4032, -0.00128651
9.1, 99.661, -4.81797, 96.3431, -4.99081, 0.0303987, 0.0311572, 14.4056, -0.00220551
9.15, 100.379, -4.76685, 97.0632, -4.96892, 0.0393348, 0.0309987, 14.409, -0.00316819
9.2, 101.098, -4.7096, 97.7833, -4.94058, 0.0482143, 0.0307937, 14.4132, -0.00410124
9.25, 101.815, -4.64631, 98.5034, -4.90583, 0.057024, 0.0305407, 14.4183, -0.00506052
9.3, 102.533, -4.57706, 99.2235, -4.86473, 0.0657512, 0.0302426, 14.4243, -0.00596087
9.35, 103.25, -4.50195, 99.9435, -4.81732, 0.0743832, 0.0298984, 14.4312, -0.00688364
9.4, 103.967, -4.42109, 100.663, -4.76367, 0.0829078, 0.0295111, 14.4388, -0.00774662
9.45, 104.684, -4.33457, 101.383, -4.70385, 0.0913131, 0.0290814, 14.4473, -0.00859491
9.5, 105.401, -4.24253, 102.103, -4.63793, 0.099587, 0.0286084, 14.4566, -0.00945887
9.55, 106.117, -4.14508, 102.823, -4.56602, 0.107719, 0.0280971, 14.4666, -0.0102253
9.6, 106.833, -4.04234, 103.543, -4.48819, 0.115697, 0.0275484, 14.4774, -0.0109749
9.65, 107.549, -3.93445, 104.262, -4.40457, 0.123512, 0.0269633, 14.4888, -0.0117023
9.7, 108.264, -3.82157, 104.982, -4.31524, 0.131153, 0.0263408, 14.5009, -0.0124495
9.75, 108.98, -3.70382, 105.701, -4.22034, 0.138611, 0.0256845, 14.5136, -0.0131266
9.8, 109.695, -3.58134, 106.42, -4.11998, 0.145875, 0.0249986, 14.5269, -0.0137173
9.85, 110.41, -3.45432, 107.14, -4.0143, 0.152938, 0.0242814, 14.5408, -0.0143452
9.9, 111.125, -3.3229, 107.859, -3.90343, 0.15979, 0.0235335, 14.5553, -0.0149578
9.95, 111.84, -3.18723, 108.578, -3.78752, 0.166424, 0.0227606, 14.5702, -0.0154576
10, 112.555, -3.0475, 109.298, -3.66671, 0.172831, 0.0219612, 14.5857, -0.0159871
10.05, 113.27, -2.90388, 110.017, -3.54115, 0.179005, 0.0211376, 14.6015, -0.0164735
10.1, 113.985, -2.75653, 110.736, -3.41102, 0.184938, 0.0202934, 14.6178, -0.0168836
10.15, 114.7, -2.60564, 111.455, -3.27646, 0.190626, 0.0194286, 14.6344, -0.0172954
10.2, 115.416, -2.45138, 112.174, -3.13766, 0.196061, 0.0185461, 14.6514, -0.0176503
10.25, 116.131, -2.29396, 112.894, -2.99478, 0.201238, 0.0176441, 14.6688, -0.0180397
10.3, 116.847, -2.13354, 113.613, -2.84801, 0.206151, 0.0167261, 14.6864, -0.0183595
10.35, 117.563, -1.97033, 114.333, -2.69751, 0.210796, 0.0157942, 14.7043, -0.0186377
10.4, 118.279, -1.80453, 115.053, -2.54349, 0.215168, 0.0148472, 14.7225, -0.018941
10.45, 118.996, -1.63632, 115.773, -2.38612, 0.219264, 0.0138895, 14.7408, -0.0191531
10.5, 119.713, -1.46591, 116.493, -2.2256, 0.223077, 0.0129181, 14.7595, -0.0194287
10.55, 120.43, -1.2935, 117.214, -2.06213, 0.226606, 0.0119386, 14.7782, -0.0195903
10.6, 121.148, -1.11929, 117.935, -1.89591, 0.229846, 0.0109488, 14.7972, -0.0197966
10.65, 121.867, -0.943498, 118.656, -1.72713, 0.232795, 0.009951, 14.8163, -0.0199551
10.7, 122.586, -0.766328, 119.378, -1.556, 0.235449, 0.00894558, 14.8356, -0.0201086
10.75, 123.306, -0.587992, 120.1, -1.38273, 0.237806, 0.00793346, 14.8549, -0.0202423
10.8, 124.027, -0.408703, 120.823, -1.20753, 0.239864, 0.00691563, 14.8744, -0.0203566
10.85, 124.749, -0.228679, 121.546, -1.03062, 0.241619, 0.00589262, 14.894, -0.0204602
10.9, 125.471, -0.0481378, 122.27, -0.852192, 0.24307, 0.00486491, 14.9136, -0.0205542
10.95, 126.195, 0.132701, 122.995, -0.672482, 0.244215, 0.00383337, 14.9334, -0.0206308
11, 126.919, 0.313616, 123.72, -0.491702, 0.245052, 0.00279844, 14.9531, -0.0206986
11.05, 127.644, 0.494381, 124.447, -0.310075, 0.245579, 0.00176081, 14.973, -0.0207526
11.1, 128.371, 0.674773, 125.174, -0.127823, 0.245795, 0.000720868, 14.9929, -0.0207988
11.15, 129.099, 0.854563, 125.901, 0.0545178, 0.245699, -0.000320483, 14.9872, -0.020827
11.2, 129.827, 1.03322, 126.627, 0.236547, 0.245292, -0.00136137, 14.9674, -0.0208178
11.25, 130.554, 1.21035, 127.352, 0.41804, 0.244574, -0.00240092, 14.9475, -0.020791
11.3, 131.28, 1.38573, 128.076, 0.598773, 0.243548, -0.00343529, 14.9278, -0.0206874
11.35, 132.006, 1.55917, 128.799, 0.778527, 0.242217, -0.00446419, 14.9082, -0.020578
11.4, 132.732, 1.73043, 129.522, 0.957083, 0.240583, -0.00548995, 14.8886, -0.0205151
11.45, 133.457, 1.89931, 130.244, 1.13423, 0.238646, -0.00651136, 14.8691, -0.0204283
11.5, 134.181, 2.0656, 130.965, 1.30974, 0.236411, -0.00752627, 14.8498, -0.0202981
11.55, 134.906, 2.2291, 131.686, 1.48342, 0.233879, -0.00853472, 14.8306, -0.020169
11.6, 135.629, 2.38961, 132.407, 1.65505, 0.231054, -0.00953626, 14.8115, -0.0200308
11.65, 136.353, 2.54694, 133.127, 1.82443, 0.227939, -0.0105298, 14.7926, -0.0198701
11.7, 137.077, 2.70087, 133.846, 1.99135, 0.224536, -0.011516, 14.7738, -0.0197243
11.75, 137.8, 2.85123, 134.566, 2.15561, 0.220849, -0.0124935, 14.7552, -0.0195514
11.8, 138.523, 2.99782, 135.284, 2.31702, 0.216881, -0.0134612, 14.7367, -0.0193529
11.85, 139.246, 3.14047, 136.003, 2.47538, 0.212637, -0.0144176, 14.7186, -0.0191274
11.9, 139.969, 3.27899, 136.722, 2.6305, 0.20812, -0.015363, 14.7006, -0.0189097
11.95, 140.691, 3.41321, 137.44, 2.78219, 0.203334, -0.0162954, 14.6828, -0.0186471
12, 141.414, 3.54297, 138.158, 2.93027, 0.198285, -0.0172113, 14.6655, -0.0183176
12.05, 142.136, 3.66809, 138.876, 3.07454, 0.192978, -0.0181127, 14.6483, -0.0180284
12.1, 142.859, 3.78841, 139.594, 3.21485, 0.187418, -0.0189984, 14.6315, -0.0177138
12.15, 143.581, 3.90377, 140.312, 3.351, 0.18161, -0.0198686, 14.615, -0.0174042
12.2, 144.304, 4.01405, 141.03, 3.48284, 0.17556, -0.0207155, 14.599, -0.0169379
12.25, 145.026, 4.11907, 141.748, 3.6102, 0.169275, -0.0215449, 14.5832, -0.0165878
12.3, 145.748, 4.21873, 142.466, 3.73291, 0.162763, -0.0223496, 14.568, -0.0160941
12.35, 146.471, 4.31289, 143.184, 3.85082, 0.156029, -0.023129, 14.5533, -0.0155882
12.4, 147.193, 4.4014, 143.902, 3.96379, 0.149083, -0.0238857, 14.539, -0.0151345
12.45, 147.915, 4.48418, 144.62, 4.07166, 0.141931, -0.024613, 14.5253, -0.014546
12.5, 148.637, 4.56111, 145.339, 4.1743, 0.134583, -0.0253113, 14.5121, -0.0139655
12.55, 149.359, 4.63208, 146.057, 4.27158, 0.127047, -0.02598, 14.4996, -0.0133738
12.6, 150.081, 4.69701, 146.771, 4.36277, 0.119383, -0.026617, 14.3944, -0.012741
12.65, 150.799, 4.75546, 147.48, 4.44787, 0.111603, -0.0272128, 14.2908, -0.0119155
12.7, 151.511, 4.80746, 148.186, 4.52688, 0.103722, -0.0277655, 14.1887, -0.0110532
12.75, 152.219, 4.85308, 148.886, 4.59981, 0.095753, -0.0282741, 14.0881, -0.0101718
12.8, 152.923, 4.89238, 149.582, 4.66669, 0.0877097, -0.0287412, 13.9888, -0.00934217
12.85, 153.621, 4.92544, 150.274, 4.72753, 0.0796043, -0.0291668, 13.891, -0.00851292
12.9, 154.315, 4.95232, 150.962, 4.78237, 0.0714488, -0.0295519, 13.7945, -0.00770129
12.95, 155.005, 4.97311, 151.645, 4.83127, 0.0632547, -0.0298982, 13.6994, -0.00692646
13, 155.69, 4.98793, 152.324, 4.87427, 0.0550338, -0.0302023, 13.6055, -0.00608187
13.05, 156.37, 4.99685, 152.999, 4.91144, 0.0467973, -0.0304668, 13.513, -0.0052895
13.1, 157.045, 4.99999, 153.669, 4.94283, 0.0385559, -0.0306921, 13.4217, -0.00450567
13.15, 157.716, 4.99747, 154.335, 4.96853, 0.0303206, -0.0308766, 13.3316, -0.00368995
13.2, 158.383, 4.98939, 154.997, 4.9886, 0.0221015, -0.0310225, 13.2427, -0.00291886
13.25, 159.045, 4.97588, 155.654, 5.00314, 0.0139086, -0.0311298, 13.1551, -0.00214542
13.3, 159.702, 4.95706, 156.308, 5.01222, 0.00575183, -0.0311977, 13.0685, -0.00135814
13.35, 160.355, 4.93308, 156.957, 5.01596, -0.00235899, -0.0312258, 12.9831, -0.000562495
13.4, 161.004, 4.90406, 157.602, 5.01444, -0.0104144, -0.0312153, 12.8988, 0.000210458
13.45, 161.648, 4.87013, 158.243, 5.00776, -0.0184058, -0.031168, 12.8157, 0.000945276
13.5, 162.288, 4.83143, 158.879, 4.99604, -0.0263243, -0.0310831, 12.7335, 0.0016991
13.55, 162.923, 4.78812, 159.512, 4.97939, -0.0341614, -0.0309609, 12.6525, 0.00244257
13.6, 163.554, 4.74032, 160.14, 4.95792, -0.0419099, -0.0308055, 12.5724, 0.00310868
13.65, 164.18, 4.68819, 160.764, 4.93175, -0.0495619, -0.0306149, 12.4934, 0.00381274
13.7, 164.802, 4.63187, 161.384, 4.901, -0.0571105, -0.0303909, 12.4153, 0.00447876
13.75, 165.42, 4.5715, 162, 4.86578, -0.0645488, -0.0301337, 12.3383, 0.00514445
13.8, 166.034, 4.50723, 162.612, 4.82624, -0.0718709, -0.0298478, 12.2622, 0.00571846
13.85, 166.643, 4.4392, 163.219, 4.78248, -0.0790713, -0.0295329, 12.187, 0.00629691
13.9, 167.248, 4.36757, 163.823, 4.73464, -0.0861445, -0.0291889, 12.1127, 0.00688037
13.95, 167.849, 4.29247, 164.423, 4.68285, -0.0930854, -0.028818, 12.0394, 0.00741749
14, 168.446, 4.21405, 165.019, 4.62723, -0.0998896, -0.0284216, 11.9669, 0.00792796
14.05, 169.039, 4.13246, 165.61, 4.56792, -0.106552, -0.0279985, 11.8953, 0.00846204
14.1, 169.627, 4.04783, 166.198, 4.50504, -0.113071, -0.0275554, 11.8245, 0.00886321
14.15, 170.212, 3.9603, 166.782, 4.43873, -0.119441, -0.0270901, 11.7546, 0.0093064
14.2, 170.793, 3.87001, 167.362, 4.36911, -0.12566, -0.0266047, 11.6855, 0.00970653
14.25, 171.37, 3.77711, 167.939, 4.29631, -0.131726, -0.0261, 11.6173, 0.0100951
14.3, 171.943, 3.68171, 168.511, 4.22046, -0.137635, -0.0255772, 11.5498, 0.0104556
14.35, 172.512, 3.58396, 169.08, 4.14168, -0.143387, -0.0250387, 11.4831, 0.0107705
14.4, 173.077, 3.48398, 169.645, 4.06011, -0.148979, -0.0244849, 11.4172, 0.0110757
14.45, 173.639, 3.3819, 170.206, 3.97586, -0.15441, -0.0239172, 11.352, 0.011354
14.5, 174.197, 3.27786, 170.764, 3.88906, -0.159679, -0.0233348, 11.2875, 0.0116473
14.55, 174.751, 3.17196, 171.318, 3.79983, -0.164785, -0.0227418, 11.2238, 0.0118605
14.6, 175.302, 3.06433, 171.868, 3.70829, -0.169727, -0.0221369, 11.1609, 0.0120989
14.65, 175.849, 2.95509, 172.415, 3.61456, -0.174505, -0.0215214, 11.0986, 0.012309
14.7, 176.393, 2.84436, 172.959, 3.51874, -0.179118, -0.020897, 11.037, 0.0124883
14.75, 176.933, 2.73223, 173.499, 3.42097, -0.183568, -0.0202662, 10.9761, 0.0126154
14.8, 177.47, 2.61883, 174.036, 3.32134, -0.187853, -0.0196262, 10.9158, 0.0128
14.85, 178.004, 2.50427, 174.569, 3.21997, -0.191975, -0.0189807, 10.8563, 0.0129102
14.9, 178.534, 2.38864, 175.099, 3.11696, -0.195933, -0.0183281, 10.7973, 0.0130511
14.95, 179.061, 2.27205, 175.625, 3.01243, -0.199729, -0.0176705, 10.739, 0.0131528
15, 179.585, 2.15461, 176.149, 2.90647, -0.203362, -0.0170068, 10.6814, 0.0132738
15.05, 180.106, 2.03639, 176.669, 2.79918, -0.206835, -0.0163415, 10.6243, 0.0133069
15.1, 180.624, 1.91751, 177.186, 2.69067, -0.210147, -0.0156716, 10.5679, 0.0133979
15.15, 181.139, 1.79805, 177.7, 2.58103, -0.213301, -0.0149994, 10.5121, 0.0134437
15.2, 181.65, 1.6781, 178.211, 2.47035, -0.216297, -0.0143249, 10.4568, 0.0134896
15.25, 182.159, 1.55774, 178.719, 2.35872, -0.219137, -0.0136502, 10.4021, 0.0134945
15.3, 182.665, 1.43708, 179.224, 2.24625, -0.221822, -0.0129721, 10.348, 0.013562
15.35, 183.168, 1.31617, 179.726, 2.133, -0.224353, -0.0122938, 10.2945, 0.0135665
15.4, 183.668, 1.19511, 180.226, 2.01908, -0.226733, -0.0116161, 10.2415, 0.0135536
15.45, 184.166, 1.07398, 180.722, 1.90456, -0.228962, -0.0109361, 10.1891, 0.0136004
15.5, 184.661, 0.952837, 181.216, 1.78952, -0.231041, -0.0102571, 10.1371, 0.0135782
15.55, 185.153, 0.831769, 181.707, 1.67404, -0.232973, -0.00957866, 10.0858, 0.0135697
15.6, 185.643, 0.710844, 182.195, 1.5582, -0.23476, -0.00890071, 10.0349, 0.0135591
15.65, 186.13, 0.590129, 182.68, 1.44208, -0.236402, -0.00822385, 9.98455, 0.0135372
15.7, 186.614, 0.469694, 183.163, 1.32574, -0.237902, -0.00754819, 9.93471, 0.0135131
15.75, 187.096, 0.349602, 183.644, 1.20926, -0.239261, -0.00687387, 9.88536, 0.0134865
15.8, 187.576, 0.229917, 184.121, 1.0927, -0.240481, -0.00620108, 9.8365, 0.0134557
15.85, 188.053, 0.1107, 184.597, 0.976141, -0.241563, -0.00553021, 9.78812, 0.0134174
15.9, 188.528, -0.00799013, 185.07, 0.859637, -0.24251, -0.00486131, 9.74022, 0.0133781
15.95, 189, -0.126095, 185.54, 0.743256, -0.243324, -0.00419462, 9.69278, 0.0133337
16, 189.47, -0.243559, 186.008, 0.627058, -0.244005, -0.00353026, 9.6458, 0.0132874
16.05, 189.938, -0.360329, 186.474, 0.511103, -0.244555, -0.00286831, 9.59928, 0.0132389
16.1, 190.404, -0.47635, 186.937, 0.39545, -0.244977, -0.00220891, 9.55321, 0.0131879
16.15, 190.867, -0.591573, 187.399, 0.280154, -0.245273, -0.00155215, 9.50758, 0.0131353
16.2, 191.329, -0.705949, 187.857, 0.165271, -0.245443, -0.000898248, 9.46238, 0.013078
16.25, 191.788, -0.819429, 188.314, 0.0508535, -0.245489, -0.000247382, 9.41761, 0.0130173
16.3, 192.245, -0.93197, 188.769, -0.0630461, -0.245414, 0.000400115, 9.37327, 0.0129499
16.35, 192.701, -1.04352, 189.221, -0.176378, -0.245219, 0.00104541, 9.32934, 0.0129059
16.4, 193.154, -1.15404, 189.672, -0.289093, -0.244906, 0.00168671, 9.28582, 0.012826
16.45, 193.605, -1.2635, 190.12, -0.401145, -0.244476, 0.00232335, 9.24271, 0.0127327
16.5, 194.054, -1.37184, 190.566, -0.512487, -0.243932, 0.00295941, 9.19999, 0.0127213
16.55, 194.502, -1.47903, 191.011, -0.623075, -0.243274, 0.00359016, 9.15767, 0.0126149
16.6, 194.947, -1.58504, 191.453, -0.732866, -0.242506, 0.00421603, 9.11574, 0.0125174
16.65, 195.391, -1.68981, 191.894, -0.841818, -0.241627, 0.00484056, 9.07419, 0.0124908
16.7, 195.832, -1.79333, 192.332, -0.94989, -0.240641, 0.00545944, 9.03302, 0.0123775
16.75, 196.272, -1.89555, 192.769, -1.05704, -0.239548, 0.00607585, 8.99223, 0.0123282
16.8, 196.71, -1.99644, 193.204, -1.16324, -0.238351, 0.00668786, 8.9518, 0.0122401
16.85, 197.147, -2.09599, 193.637, -1.26844, -0.237051, 0.00729372, 8.91173, 0.0121173
16.9, 197.581, -2.19414, 194.068, -1.37262, -0.235649, 0.00789742, 8.87202, 0.012074
16.95, 198.014, -2.29087, 194.497, -1.47573, -0.234148, 0.00849676, 8.83266, 0.0119867
17, 198.446, -2.38615, 194.925, -1.57774, -0.232549, 0.00909158, 8.79365, 0.0118965
17.05, 198.875, -2.47996, 195.351, -1.67862, -0.230854, 0.00968135, 8.75499, 0.0117954
17.1, 199.303, -2.5723, 195.775, -1.77835, -0.229065, 0.0102607, 8.71667, 0.0115878
17.15, 199.729, -2.663, 196.198, -1.87688, -0.22718, 0.0108619, 8.67868, 0.0120234
17.2, 200, -2.72011, 196.619, -1.97419, -0.225222, 0.0113262, 8.64102, 0.00928654
17.25, 200, -2.72011, 197.038, -2.07026, -0.223225, 0.0116053, 8.60368, 0.00558148
17.3, 200, -2.72011, 197.456, -2.16508, -0.221191, 0.0118714, 8.56667, 0.00532171
17.35, 200, -2.72011, 197.872, -2.25865, -0.219109, 0.0122024, 8.52998, 0.00662057
17.4, 200, -2.72011, 198.286, -2.35096, -0.216957, 0.0126717, 8.4936, 0.0093864
17.45, 200, -2.72011, 198.699, -2.44199, -0.214688, 0.0134105, 8.45753, 0.0147746
17.5, 200, -2.72011, 199.111, -2.5317, -0.212204, 0.0147476, 8.42176, 0.026743
17.55, 200, -2.72011, 199.521, -2.62001, -0.209212, 0.017836, 8.3863, 0.0617671
17.6, 200, -2.72011, 199.929, -2.70673, -0.204151, 0.0302951, 8.35113, 0.249183
17.65, 200, -2.72011, 199.929, -2.70673, -0.204151, 0.0302951, 0, 0
17.7, 200, -2.72011, 199.929, -2.70673, -0.204151, 0.0302951, 0, 0
17.75, 200, -2.72011, 199.929, -2.70673, -0.204151, 0.0302951, 0, 0
17.8, 200, -2.72011, 199.929, -2.70673, -0.204151, 0.0302951, 0, 0
17.85, 200, -2.72011, 199.929, -2.70673, -0.204151, 0.0302951, 0, 0
17.9, 200, -2.72011, 199.929, -2.70673, -0.204151, 0.0302951, 0, 0
17.95, 200, -2.72011, 199.929, -2.70673, -0.204151, 0.0302951, 0, 0
18, 200, -2.72011, 199.929, -2.70673, -0.204151, 0.0302951, 0, 0
18.05, 200, -2.72011, 199.929, -2.70673, -0.204151, 0.0302951, 0, 0
18.1, 200, -2.72011, 199.929, -2.70673, -0.204151, 0.0302951, 0, 0
18.15, 200, -2.72011, 199.929, -2.70673, -0.204151, 0.0302951, 0, 0
18.2, 200, -2.72011, 199.929, -2.70673, -0.204151, 0.0302951, 0, 0
18.25, 200, -2.72011, 199.929, -2.70673, -0.204151, 0.0302951, 0, 0
18.3, 200, -2.72011, 199.929, -2.70673, -0.204151, 0.0302951, 0, 0
18.35, 200, -2.72011, 199.929, -2.70673, -0.204151, 0.0302951, 0, 0
18.4, 200, -2.72011, 199.929, -2.70673, -0.204151, 0.0302951, 0, 0
18.45, 200, -2.72011, 199.929, -2.70673, -0.204151, 0.0302951, 0, 0
18.5, 200, -2.72011, 199.929, -2.70673, -0.204151, 0.0302951, 0, 0
18.55, 200, -2.72011, 199.929, -2.70673, -0.204151, 0.0302951, 0, 0
18.6, 200, -2.72011, 199.929, -2.70673, -0.204151, 0.0302951, 0, 0
18.65, 200, -2.72011, 199.929, -2.70673, -0.204151, 0.0302951, 0, 0
18.7, 200, -2.72011, 199.929, -2.70673, -0.204151, 0.0302951, 0, 0
18.75, 200, -2.72011, 199.929, -2.70673, -0.204151, 0.0302951, 0, 0
18.8, 200, -2.72011, 199.929, -2.70673, -0.204151, 0.0302951, 0, 0
18.85, 200, -2.72011, 199.929, -2.70673, -0.204151, 0.0302951, 0, 0
18.9, 200, -2.72011, 199.929, -2.70673, -0.204151, 0.0302951, 0, 0
18.95, 200, -2.72011, 199.929, -2.70673, -0.204151, 0.0302951, 0, 0
19, 200, -2.72011, 199.929, -2.70673, -0.204151, 0.0302951, 0, 0
19.05, 200, -2.72011, 199.929, -2.70673, -0.204151, 0.0302951, 0, 0
19.1, 200, -2.72011, 199.929, -2.70673, -0.204151, 0.0302951, 0, 0
19.15, 200, -2.72011, 199.929, -2.70673, -0.204151, 0.0302951, 0, 0
19.2, 200, -2.72011, 199.929, -2.70673, -0.204151, 0.0302951, 0, 0
19.25, 200, -2.72011, 199.929, -2.70673, -0.204151, 0.0302951, 0, 0
19.3, 200, -2.72011, 199.929, -2.70673, -0.204151, 0.0302951, 0, 0
19.35, 200, -2.72011, 199.929, -2.70673, -0.204151, 0.0302951, 0, 0
19.4, 200, -2.72011, 199.929, -2.70673, -0.204151, 0.0302951, 0, 0
19.45, 200, -2.72011, 199.929, -2.70673, -0.204151, 0.0302951, 0, 0
19.5, 200, -2.72011, 199.929, -2.70673, -0.204151, 0.0302951, 0, 0
19.55, 200, -2.72011, 199.929, -2.70673, -0.204151, 0.0302951, 0, 0
19.6, 200, -2.72011, 199.929, -2.70673, -0.204151, 0.0302951, 0, 0
19.65, 200, -2.72011, 199.929, -2.70673, -0.204151, 0.0302951, 0, 0
19.7, 200, -2.72011, 199.929, -2.70673, -0.204151, 0.0302951, 0, 0
19.75, 200, -2.72011, 199.929, -2.70673, -0.204151, 0.0302951, 0, 0
19.8, 200, -2.72011, 199.929, -2.70673, -0.204151, 0.0302951, 0, 0
19.85, 200, -2.72011, 199.929, -2.70673, -0.204151, 0.0302951, 0, 0
19.9, 200, -2.72011, 199.929, -2.70673, -0.204151, 0.0302951, 0, 0
19.95, 200, -2.72011, 199.929, -2.70673, -0.204151, 0.0302951, 0, 0
20, 200, -2.72011, 199.929, -2.70673, -0.204151, 0.0302951, 0, 0
20.05, 200, -2.72011, 199.929, -2.70673, -0.204151, 0.0302951, 0, 0
20.1, 200, -2.72011, 199.929, -2.70673, -0.204151, 0.0302951, 0, 0
20.15, 200, -2.72011, 199.929, -2.70673, -0.204151, 0.0302951, 0, 0
20.2, 200, -2.72011, 199.929, -2.70673, -0.204151, 0.0302951, 0, 0
20.25, 200, -2.72011, 199.929, -2.70673, -0.204151, 0.0302951, 0, 0
20.3, 200, -2.72011, 199.929, -2.70673, -0.204151, 0.0302951, 0, 0
